"";"RBR_median";"RBR_quant";"1mC";"2mC";"3mC";"4mC";"5mC";"6mC";"7mC";"8mC";"9mC";"10mC";"11mC";"12mC";"3mCsum";"6mCsum";"9mCsum";"1yC";"2yC";"3yC";"0yC";"4yC";"2yCsum";"3yCsum";"4yCsum";"5yCsum";"1mR";"2mR";"3mR";"4mR";"5mR";"6mR";"7mR";"8mR";"9mR";"10mR";"11mR";"12mR";"3mRmean";"6mRmean";"9mRmean";"1yR";"2yR";"3yR";"0yR";"4yR";"2yRmean";"3yRmean";"4yRmean";"5yRmean"
"1";376,6708113;515,609487226823;4,04;-0,39;0,76;6,16;5,19;3,93;2,21;2,13;3,15;4,04;4,28;4,98;10,16;4,04;4,04;-0,16;5,58;-5,73;4,04;-7,74;-1,74;-7,9;-0,16;10,2;64;62;64;71;74;56;42;43;39;52;61;65;64;60;51,5;61;64;60,5;64,5;61;62,5;60;60,5;62
"2";233,7462631;415,842302561854;3,83;3,61;3,76;3,26;4,52;-0,2;1,46;-0,59;4,24;-2,46;14,32;5,4;3,83;9,15;3,83;58,32;9,42;6,44;8,66;25,74;8,37;8,37;21,16;21,32;72;59;51;49;42;53;60;63;65;63;68;74;61,5;62,5;68,5;69,5;72,5;70,5;73;73;68,5;70,5;71,5;73,5
"3";132,1178575;259,274945806241;13,83;-0,41;8,02;-0,12;3,02;9,14;3,02;2,33;2,68;3,03;0,87;6,15;67,98;59,15;99,96;17,76;1,03;-7,5;82,64;0,15;48,42;47,04;47,04;101,79;71;69;72;71;68;82;61;55;59;59;61;66;71,5;76,5;65;65;68,5;64;68,5;65,5;66;65;66,5;68
"4";138,5178122;246,088792097655;3,02;4,55;3,92;4,39;3,69;0,44;5,67;4,64;0,14;-1,88;9,33;9,09;3,02;6,06;6,06;54,32;5,95;24,12;42,14;53,36;10,52;33,8;54,32;52,16;73;60;46;52;45;53;59;62;63;63;70;74;59,5;63;68;71;73;71;73,5;73;71;73;73,5;74,5
"5";317,9150356;459,078618552937;3,97;-0,86;0,24;6,27;4,7;3,8;1,77;2,05;3,35;3,4;4,17;4,91;9,88;3,97;3,97;-1,44;7,7;-13,2;3,97;-12,44;-3,66;-11,1;-0,22;8,82;65;63;65;72;74;56;43;45;39;53;62;67;65;60,5;52;62,5;65,5;62,5;66;63;64,5;62;62,5;63,5
"6";323,4824412;500,675007546836;-1,1;0,22;7,22;6,03;5,14;2,34;2,36;3,02;5,04;4,69;6,79;0,45;26,1;1,6;13,3;6,4;-5,76;-3,13;-1,2;-4,08;8,8;4,9;6,4;1,6;60;64;71;74;53;39;40;42;49;60;63;59;65,5;49,5;54,5;62;59;60;59,5;61;60;61;62,5;61,5
"7";128,081759;163,637124916069;1,72;-1,59;8,22;-4,68;3,08;-1,59;2,24;8,78;2,82;1,81;1,71;3,38;33,04;0,88;4,44;0,12;2,1;1,86;4,44;6,12;4,24;0,12;1,68;1,72;57;60;65;63;65;62;59;78;57;49;53;55;61;59,5;57;56,5;49,5;49,5;56;58;51,5;50,5;58,5;58,5
"8";58,8155809;436,18640416245;2,42;-0,36;3,7;3,16;3,87;3,53;2,76;2,48;4,13;5,05;5,76;-2,38;5,84;5,84;5,84;-8,9;13,38;-7,47;2,1;-0,15;-9,12;-9,12;-9,12;3,68;70;70;76;69;66;56;50;53;58;63;64;67;73;63;64;65,5;67,5;66;68,5;65,5;66;65,5;65;67,5
"9";319,5058753;457,912984351756;9,92;-5,71;1,87;-0,33;3,25;1,89;2,09;2,52;2,07;1,75;4,36;6,12;53,28;53,28;51,36;22;70,8;23,64;33,68;-0,04;11,5;6,25;22,5;53,28;66;66;70;69;77;69;68;59;54;55;64;63;68;67,5;60;64,5;65,5;62;64,5;65,5;64;62;63;63,5
"10";230,8256507;343,809037437564;-1,43;3,15;11,24;5,62;4,2;3,6;6,72;2,94;10,07;2,51;0,68;-0,27;59,41;6,42;48,84;-2,23;3,3;-0,18;-1,86;-2,9;-3,69;-3,46;-2,23;-1,43;71;72;77;67;64;49;45;52;62;63;64;67;74;60;66,5;65;67;64;69;64,5;66,5;64;65;67,5
"11";241,6946098;374,485388205172;-4,57;-1,78;0,76;6,94;2,82;3,08;4,62;4,73;2,38;7,63;4,11;0,53;-12,42;-8,56;-10,99;16,72;-26,88;-2,16;-12,42;-7,64;-1,82;-1,41;-3,82;-8,14;63;67;68;74;68;68;54;48;54;63;60;60;65,5;65,5;58,5;63,5;62,5;65,5;61,5;61,5;63,5;65;61,5;61,5
"12";333,1872369;471,413603091795;7,33;-0,52;4,62;3,79;4,12;5,66;5,07;3,42;3,68;3,58;-0,47;4,85;18,99;13,66;23,32;7,05;46,2;3,48;18,99;9,56;3,7;7,05;1,7;30,64;65;68;72;75;73;65;53;51;48;53;64;64;68,5;65;56,5;65,5;68,5;65,5;64,5;64;67;66,5;63,5;62,5
"13";319,2954744;572,612724836635;0,34;1,21;3,76;2,54;3,25;2,41;2,11;2,08;2,33;2,76;0,12;-4,89;7,36;4,02;1,68;-5,14;14,7;-8,43;-12,96;-2,19;-3,21;-2,07;-2,07;-0,32;69;69;78;68;63;53;47;52;56;61;63;66;73,5;61;62,5;65;66,5;65,5;67,5;65;66;66;65,5;67
"14";553,5158959;630,678659197883;4,12;1,22;5,3;3,29;3,57;2,41;2,54;2,62;3,23;2,81;2,18;4,18;9,24;7,24;4,12;-1,75;11,07;-2,08;4,12;-14,49;8,75;-1,75;-18,75;-9,68;66;66;70;65;63;43;43;45;54;63;61;66;68;54,5;60;63;65;63,5;66;63,5;64;63,5;63,5;65
"15";274,8812104;423,120095346217;0,99;-4,6;-0,55;-2,5;7,65;2,56;2,85;4,53;4,39;3,4;10,23;2,93;0,98;2,98;9,96;-3,3;13,62;1,32;2,98;-7,41;-0,349999999999999;-5,25;-6,15;0,98;61;60;63;62;70;65;57;46;39;43;59;59;62;63;50;58;58,5;56;60;57,5;57;55;56;57,5
"16";348,2051299;497,234989268991;-1,78;0,8;8;3,86;3,45;4,35;5,1;2,51;7,59;4,59;0,7;-1,16;27,2;8,54;27,2;-9,56;-4,86;-8,04;-1,78;-3,77;-7,56;-4,28;-7,56;-4,56;67;68;75;68;67;52;47;54;62;60;61;63;71;59,5;64,5;61,5;63,5;63;65;61,5;63;62;61,5;64
"17";275,9769954;571,741437807133;0,87;3,5;-0,26;3,82;4,55;3,54;2,86;3,25;2,73;5,67;-0,96;1,04;0,74;5,61;2,74;7,15;2,04;1,14;0,87;9,44;3,72;-0,57;7,15;5,61;66;65;68;72;68;59;46;42;42;61;60;60;67;62,5;54;63,5;65,5;62;63;65;64;61,5;65;66
"18";254,2267883;466,01799711017;0,33;-3,16;0,53;6,53;7,81;2,77;6,51;2,02;2,26;1,06;-2,31;-5,11;0,33;3,99;1,66;-6,14;2,14;63,24;-13,02;5,43;-7,85;-7,71;-8,28;0,33;62;59;65;69;67;51;54;39;46;59;59;56;63,5;56,5;54;59,5;63;62,5;59;60,5;60,5;60;59,5;60
"19";126,9961608;415,116729626362;2,86;0,46;2,63;9,29;8,93;5,16;4,55;2,97;2,14;2,13;-0,7;-6,73;2,86;11,58;2,86;-0,22;1,08;29,19;-16,4;7,6;-0,22;-0,22;-0,22;5,44;67;63;67;69;66;49;55;41;52;60;60;57;67;58;59,5;63;65;67;62;64;64,5;64;63,5;64,5
"20";252,9620582;379,024553209504;1,45;-3,98;-2,63;-2,03;0,78;16,26;4,79;2,74;5,33;2,9;3,27;0,42;-2,75;126,75;11,8;3,6;-1,16;34,3;1,9;23,16;0,88;32,2;7,32;7,35;52;60;56;58;60;68;70;57;43;29;33;47;54;60;47,5;51;54,5;57,5;49,5;52;55;56;51,5;51
"21";333,2304217;603,468655362271;-3,06;-0,93;1,45;3,65;5,87;2,7;3,05;3,03;4,18;1,01;1,27;1,15;-5,3;-3,36;3,52;0,76;1,31;13,92;-5,3;2,02;0,76;13,8;2,52;-3,36;64;66;64;69;66;56;46;37;42;55;57;61;64;60;53;63,5;63;63,5;62,5;65,5;62,5;64;64,5;64
"22";249,6273901;495,835523674515;-1,62;-3,75;1,03;6,32;2,24;1,7;2,77;1,9;2,76;8,85;6,66;0,18;-1,86;-0,48;1,9;15,19;23,1;17,05;-2,24;18,41;15,85;15,85;5,17;15,04;63;61;63;74;66;55;38;38;42;60;57;62;63;59;52,5;64;64;62;62,5;62,5;65,5;64;65;62
"23";176,9078849;465,90292499677;1,71;-2,71;0,46;7,98;8,2;3,61;6,89;1,79;1,78;1,22;-1,88;-6;2,42;4,42;1,71;-7,42;2,14;86,66;-14,32;3,75;-10,26;-10,84;-10,84;2,13;62;59;65;68;66;50;54;39;46;59;58;55;63,5;56;54;58;62;61;58,5;59,5;59,5;58,5;58,5;59,5
"24";166,3226442;497,946388389425;-0,49;-3,17;2,34;5,59;7,02;2,21;4,5;2,77;3,03;0,91;-1,62;-2,63;1,53;1,53;4,04;1,72;10,08;24,57;-4,47;10,98;-0,350000000000001;2,79;1,93;1,53;64;62;67;72;70;56;56;40;45;58;61;57;65,5;60;54,5;62,5;64;64;60,5;63;62;63;62;62
"25";257,0060632;388,138578432869;0,47;-0,24;-3,99;1,59;4,23;3,07;1,93;0,84;1,41;-0,11;-2,37;-2,25;-7,65;4,41;0,47;7,56;51,44;14,25;-1,59;30,06;3,39;3,39;26,95;31,76;66;66;63;71;65;63;47;45;56;56;59;63;64,5;64,5;61;66,5;69;66,5;64,5;65,5;67;67;66,5;65,5
"26";115,7511416;416,598909764861;0,78;1,57;4,32;3,2;3,89;2,74;2,36;2,38;2,6;2,36;0,65;-4,83;9,12;2,56;2,56;-3,62;8,07;-4,26;-10,32;-1,08;-0,93;-1,31;-1,62;0,78;70;71;78;69;65;56;48;53;55;62;64;66;74;63;62,5;66;67,5;66;68;66,5;67;66,5;66,5;68
"27";291,4728762;529,768406064667;4,24;2,05;1,32;2,06;6,08;-1,39;-5,04;-1,21;-0,51;1,12;1,91;3,52;9,72;10,44;11,2;12,28;6,3;13,72;4,24;12,1;12,28;12,28;4,57;4,24;63;53;52;37;52;56;57;61;64;70;72;70;57,5;59,5;63,5;72,5;69,5;67;66,5;67;73;73,5;74,5;67,5
"28";234,4704346;402,887106199487;6,21;-0,84;-4,24;11,52;6,8;1,86;3,34;4,31;2,77;0,83;-0,23;3,27;13,31;21,05;18,84;1,53;-5,85;-0,700000000000001;15,63;-1,75;1,53;1,53;1,59;21,68;65;67;66;73;74;71;66;64;57;52;54;59;65,5;68;61;64;60,5;63;62;59,5;63,5;65,5;63,5;62
"29";353,307285;551,548069771687;2,06;-2,81;1,45;6,02;5,1;3,86;2,87;3,67;3,91;2,74;-0,03;-3,74;2,06;5,12;5,12;-0,18;16,1;1,9;-2,64;1,52;-1,06;-1,06;-6,18;-2,64;63;60;66;71;70;55;56;40;45;57;56;55;64,5;59;54;61,5;62,5;62;59;60,5;61;60,5;60,5;60,5
"30";91,74330375;352,411595842941;1,02;-0,36;-3,86;1,93;4,04;3,22;2,04;0,83;1,67;-0,05;-2,19;-2,15;-4,9;6,06;1,02;10,24;45,64;16,8;-1,92;24,96;4,06;7,12;22,24;28,14;67;67;64;72;65;62;46;45;55;56;60;64;65,5;64,5;61;66,5;69,5;67;65,5;65,5;67;67;66,5;66
"31";272,5298075;472,222810019414;3,89;-0,94;4,3;10,19;3,54;6,21;3,69;6,76;2,51;2,22;3,93;-2,41;3,89;14,67;6,78;15,44;9,92;39,05;6,23;8,26;14,88;16,52;14,88;8,34;66;63;71;74;70;56;56;43;51;58;59;59;68,5;61;58,5;62,5;63,5;63,5;62,5;62;63;62,5;62;62,5
"32";300,9108845;547,931038787638;-0,03;-2,52;3,91;6,98;8,42;2,82;4,58;3,04;2,97;0,84;-0,73;-1,68;5,88;2,91;5,88;3,9;11,92;14,46;-1,06;7,22;3,9;6,6;3,15;2,91;65;63;67;73;72;57;57;41;46;58;62;58;66;61;55,5;64;64,5;65,5;61,5;64;63,5;65;63,5;63
"33";99,17393163;456,682824070694;-2,37;-3,92;1,38;6,43;2,24;1,95;2,99;2,05;2,89;8,88;6,43;1,45;-3,48;-1,85;0,779999999999999;15,18;13,92;17,22;-3,48;14,76;14,12;15,15;5,03;14,67;65;63;64;75;68;57;39;40;43;61;59;65;64,5;61;54;66;66;64,5;65;64,5;67,5;66,5;67;64
"34";72,37751183;509,958678902501;-3,38;-0,95;1,32;3,67;5,93;2,75;3,14;3,12;4,3;0,93;1,6;1,56;-6,9;-2,66;0,960000000000001;1,16;1,15;12,84;-6,9;2,11;1,08;10,32;3,16;-5,28;63;65;64;69;66;55;46;37;42;55;56;61;63,5;59;52,5;62,5;62;62,5;62;65;61,5;63;63,5;63
"35";331,8227778;488,996109678799;-0,81;-3,88;1,81;4,77;6,75;4,98;2,43;1,62;2,44;0,82;0,54;-1,45;0,57;10,14;2,76;3,15;13,5;14,32;-0,81;41,5;6,45;5,3;33,9;36,9;68;66;65;75;63;59;43;45;51;61;61;63;66,5;63,5;59,5;67,5;69,5;67;65,5;66,5;67,5;67;67,5;67
"36";279,0075817;453,140090261687;1;-1,22;3,96;2,55;3,94;3,51;0,85;2,45;1,89;-4,41;-1,58;-2,96;6;6;1;-0,72;8,47;6,37;-2;-4,11;10,68;22,24;-0,44;1;64;65;72;69;76;66;53;61;54;50;57;61;68;65;59;63;65;63;62,5;63;64,5;64,5;63,5;63
"37";459,7665264;538,880210816788;-0,43;-1,03;3,55;8,87;5,39;4,87;6,81;3,67;6,65;1,77;1,99;2,58;4,28;12,42;24,56;-2,02;8,47;22,8;4,28;7,8;-2,02;-2,08;-2,02;-1,86;62;64;68;72;76;60;46;38;43;55;60;60;65;61;52,5;62,5;64,5;64;61;65;62,5;62,5;63,5;62,5
"38";360,2843016;557,653532646078;-0,84;-4,73;-2,11;1,22;1,51;1,99;3,49;2,9;3,66;2,39;-2,11;-4,53;-2,68;0,48;5,8;-4,45;16,15;29,1;-9,36;15,96;-5,56;-4,45;-5,67;-0,84;64;61;69;73;71;57;57;42;45;59;60;58;66,5;60,5;54,5;64;66;65,5;61;63,5;62,5;63,5;62,5;62,5
"39";452,9718553;545,639094920748;-2,2;0,89;15,8;4,97;2,9;5,34;2,8;3,28;0,33;-1,64;-5,59;-5,76;129,2;10,4;-3,6;-27,93;-4,5;-13,41;-14,8;66,11;-17,97;-21,89;38,19;60,2;58;60;67;70;58;43;29;34;47;53;54;56;62,5;50,5;52,5;59;59;60,5;57;63;58;60,5;60,5;61
"40";293,0192806;535,576810781443;2,79;-3,66;-1,4;4,68;5,84;4,74;2,61;1,15;2,32;0,23;-1,13;-0,92;3,95;6,58;2,79;12,06;4,74;2,72;5,16;33,12;15,12;12,06;18,06;31,74;68;67;67;76;65;61;45;46;52;59;60;64;67,5;64,5;60;66,5;68,5;67;66;66;67;66,5;67;67
"41";179,210757;456,734858451742;-6,1;-4,1;-4,42;4,89;5,8;5,89;0,79;2,08;1,43;2,12;5,24;6,43;-11,2;-7,2;-20,8;-4,48;0,6;-0,49;-1,3;-0,44;-6,28;-8,56;-8,2;-21,7;55;60;58;59;69;59;52;38;39;45;59;55;56,5;57;47;56,5;54,5;55,5;55;55,5;53;55;55;54,5
"42";305,8366488;536,864615735951;3,28;2,51;3,52;4;2,77;2,59;2,63;2,06;2,5;3,83;-0,78;1,56;3,28;3,28;3,28;3,24;-0,82;1,68;5,56;-3,04;2,48;3,24;0,600000000000001;4,68;70;70;69;76;66;60;51;49;46;55;58;64;69,5;65;58;65,5;65;64;67;62,5;65,5;64,5;64;65
"43";169,1356069;392,676480007532;1,68;-2,93;-0,36;6,59;5,3;4,47;5,94;3,78;1,92;2,98;1,88;-6,75;2,04;8,04;1,68;-2,67;4,8;71,4;-20,88;-2,88;-4,34;-2,67;-2,67;0,72;63;61;67;70;65;52;53;41;49;57;56;56;65;57,5;56;57,5;61;60,5;59,5;58,5;59;58;57,5;59,5
"44";266,5584545;486,408128452674;1,21;-2,84;0,75;7,7;8,57;3,27;6,94;1,75;1,91;1,05;-2,22;-5,51;1,21;6,63;1,21;-7,32;1,79;71,89;-12,53;4,8;-9,96;-10,64;-10,8;1,42;63;59;65;69;67;51;55;39;46;60;59;55;64;57;54,5;59;63;62;59;60,5;60,5;59,5;59,5;60,5
"45";146,3884476;204,801331857168;-0,07;-7,72;-0,82;-2,83;-4,12;0,44;0,87;1,34;2,07;2,53;0,77;5,77;-0,07;-0,07;2,79;-20,96;12,56;-10,76;14,58;-4,5;-18,48;-21,72;-21,84;-0,07;55;55;61;59;59;61;64;53;50;49;51;61;58;58;52,5;56,5;55;55;58;52;54;55,5;53;53
"46";41,61552265;361,783644010107;-0,02;0,64;-0,38;-10,79;8,36;1,79;5,52;2,26;2,34;2,09;2,85;2,28;-0,02;0,96;2,94;-7,2;-2,61;-6,38;2,94;15,66;-5,8;-19,6;5,4;14,88;60;63;64;57;64;66;64;47;52;38;56;58;62;63;56;56,5;53;50;59;59;54;51;59;61
"47";202,1545538;461,824739261439;2,13;-2,66;3,24;8,68;3,7;5,03;3,73;5,35;2,98;2,54;1,79;-3,49;5,26;9,39;2,13;2,04;18,16;33,39;-2,22;6,79;0,04;0,04;-3,92;0,649999999999999;63;60;69;73;69;55;54;41;48;57;57;56;66;59;55,5;60,5;62;61,5;59,5;60,5;60,5;60;60;60,5
"48";169,8438003;313,62913311252;-1,5;-3,13;5,25;6,49;5,42;2,68;1,57;1,22;1,94;2,38;1,89;-2,75;10,5;2,5;0;0,59;45,36;7,12;-4;22,77;0,59;0,18;25,13;22,5;63;62;61;72;60;54;41;45;50;58;56;59;62;58,5;56,5;64,5;65;62,5;61;62;63;63;63,5;62
"49";214,1269074;325,503439329685;2,81;-2,37;-0,05;7,66;6,75;4,85;5,9;3,66;1,74;3,22;2,83;-7,17;5,43;11,43;4,62;-3,64;2,44;83,25;-16,9;-1,54;-1,32;-1,32;-1,32;4,05;63;60;66;69;65;50;54;41;48;58;56;55;64,5;56,5;55,5;57;60,5;60,5;59;58,5;59;57,5;57,5;59,5
"50";430,633757;574,027210155591;2,52;-0,99;-2,61;2,62;4,29;3,12;2,27;1,3;2,12;0,47;-1,2;-2,73;0,12;2,52;2,52;1,52;9,99;1,4;0,12;-1,14;1,52;0,26;0,26;4,56;65;67;64;71;62;58;44;42;50;53;58;61;64,5;61,5;57,5;64;66;64,5;63;63,5;64,5;64,5;64;63,5
"51";248,2374401;482,177843262902;3,12;-1,3;4,23;9,5;3,11;6,76;3,91;6,58;2,52;2,45;3,82;-2,67;7,24;18,48;3,12;9,09;9,31;41,25;3,72;7,44;9,18;9,18;9,18;5,6;65;63;71;74;69;57;56;44;51;58;58;59;68;61;58;62;63;63;62;62;62,5;62;61,5;62
"52";321,3628502;534,925900472993;4,95;7,23;5,51;4,45;1,75;0,98;2,35;3,88;-1;-1,03;-0,52;-2,96;4,95;13,8;14,7;0,73;9,75;-28,65;11,6;9,45;13,65;-46,97;-6,35;8,55;60;70;60;54;42;43;50;52;53;58;63;62;60;51,5;56,5;65;64;60;61;61;64;61;62;59
"53";232,5967594;582,33765974727;0,14;-2,21;4,32;7,35;8,82;3,06;4,78;3,25;2,93;0,85;-0,38;-1,44;10,7;3,42;3,42;5,04;10,64;13,08;-0,72;6,66;5,04;6,7;3,34;3,42;65;64;68;73;72;57;57;42;47;59;62;59;66,5;61;56;64;65;66;62;64,5;63,5;65;63,5;63
"54";301,7562208;456,826662670987;-1,25;-3,25;4,89;6,23;5,4;2,84;1,51;1,15;1,98;2,34;1,11;-2,89;12,25;3,75;1;0,12;41,13;4,56;-3,5;20,61;0,12;-0,76;21,84;24,75;63;61;60;71;59;54;40;44;49;57;56;58;61,5;58,5;56;63,5;64;62;60,5;61,5;62;62;62,5;61,5
"55";277,4736481;552,978967553963;-1,63;-5,15;-2,47;0,9;1,86;1,31;3,9;2,69;3,46;2,04;-2,82;-5,1;-1,63;-1,89;5,22;-4,52;16,08;50,76;-12,52;15,66;-4,89;-4,52;-4,89;-2,26;61;59;66;71;68;53;54;38;43;57;58;55;63,5;57;52;61;63;62;58;60;59,5;60;59;59
"56";170,368622;476,731370329968;0,61;-3,6;-0,89;2,54;2,8;3,57;2,88;3,02;3,9;2,96;-1,57;-4,08;0,22;4,83;8,44;-1,86;11,04;1,38;-6,95;10,86;-5,24;-4,05;-4,62;-1,17;65;63;69;73;70;57;57;41;46;59;59;59;67;61;55,5;64,5;65,5;66;62;64;63,5;64;63,5;63,5
"57";189,1322887;463,483272884559;0,68;3,59;2,91;4,56;2,86;2,41;2,81;3,26;1,03;-2,54;-2,21;-2,58;5,04;2,36;0,68;2,14;-2,28;-2,68;-3,28;4,47;0,28;0,28;2,14;0,68;65;67;72;65;53;48;35;42;55;57;60;64;68,5;56,5;60;65,5;65,5;65;64,5;67;65,5;65;66;65,5
"58";105,3058183;325,404248893307;3,23;-2,18;0,66;9,66;8,45;4,79;6,61;1,92;1,31;1,38;-0,88;-7,05;6,69;7,46;5,46;-3,14;3,08;101,85;-19,47;0,48;-6,56;-6,42;-5,28;6,15;62;58;64;67;65;48;53;39;46;58;56;54;63;55;54;56;60,5;60;58;58;58,5;57;57;59
"59";280,5333023;488,161940718924;-2,95;0,25;1,71;-1;2,16;2,82;2,13;2,28;3,93;1,84;5,09;-1,11;-4,75;-2,7;0,349999999999999;7,72;5,73;8,92;-4,9;1,56;0,43;0,43;1,86;-4,75;55;60;61;63;65;65;55;49;46;44;59;56;58;60;50,5;58;58;57;55,5;57,5;56,5;55;57,5;56,5
"60";217,6174088;438,457550369639;1,57;4,9;2,91;5,26;3,03;1;3,09;1,93;-1,72;-2,68;-1,47;-0,15;4,14;1,57;0,28;-4,72;-3,11;3,2;2,14;-3,12;-4,72;-0,36;-4,72;-2,15;65;72;72;74;62;51;55;47;51;57;61;65;68,5;58;58;65;64;66,5;65;63,5;64,5;65,5;65,5;65
"61";258,4029765;355,105899419289;3,13;-2,44;-3,77;9,86;7,17;4,8;3,02;3,13;1,13;2,9;-1;-0,08;0,909999999999999;7,26;6,39;-14,24;-6,16;-5,24;6,52;-8,91;-15,36;-15,36;-9,54;3,13;59;60;59;67;72;69;53;46;51;45;46;52;59;64;55;56,5;54;55;55,5;54,5;56,5;57,5;56,5;56
"62";203,7051616;515,247940792746;-2,68;-0,47;1,96;3,63;5,68;2,57;3,06;2,93;3,98;0,8;0,81;0,62;-3,4;-1,08;2,24;0,17;2,58;15,96;-4,72;1,71;0,17;16,02;1,34;-3,4;65;66;65;70;66;56;46;38;42;56;57;61;65;60,5;53,5;63,5;63,5;64,5;63;66;62,5;64,5;64,5;64,5
"63";426,7963292;543,95834760755;1,42;-5,6;-3,13;8,6;3,79;2,31;1,06;1,84;0,66;1,95;-2,35;0,78;-2,9;1,42;1,42;-5,52;-7,46;-4,46;1,42;-2,38;-2,84;-4,68;16,6;23,52;60;59;59;65;67;65;53;49;48;42;44;51;59,5;62,5;54;58;53,5;56;55,5;54,5;57;59,5;58;57
"64";142,4810839;418,421847043834;2,82;-2,3;0,49;9,2;8,47;4,43;6,86;1,72;1,35;1,3;-1,23;-6,82;5,46;6,64;4,64;-4,14;3,22;100,2;-16,8;0,9;-9,84;-10,56;-9,42;4,1;62;58;64;67;65;48;53;39;46;58;56;54;63;55;54;56,5;61;60;58;58,5;59;57,5;57,5;59
"65";322,0910211;548,856464312652;-1;-4,17;-1,38;1,75;2,84;2,49;2,76;2,6;3,54;2,09;-2,89;-4,09;-1;2;5;-2,24;13,3;3,7;-10;17,1;-1,62;-1,86;-1,86;-1;64;63;70;74;70;57;56;40;45;58;59;59;67;60,5;54,5;64,5;65,5;65,5;61,5;64,5;63;64,5;63,5;63
"66";308,2739752;491,086820748356;0,78;2,34;-2,62;14,34;7,38;2,93;2,43;3,64;1,22;1,18;-1,37;0,87;-2,88;5,34;0,78;-1,05;-9,64;0,87;0,78;3,24;-1,35;-1,35;3,25;5,34;63;64;63;70;74;68;58;56;49;43;48;57;63;65,5;56;61,5;59;61;60;57,5;62;63;61;60
"67";103,4045519;406,860330315425;0,15;-2;4,83;3,9;5,61;3,33;2,1;2,24;2,57;7,28;2,44;5,79;10,75;6,6;3,45;1,7;1,54;11,55;15,9;-1,36;2,4;8,1;2,1;0,15;65;64;70;71;60;58;51;41;40;53;61;64;67,5;61,5;52,5;66;62,5;66,5;64,5;63,5;64;68;65,5;64
"68";167,8508934;534,894263900831;3,59;-1,34;2,09;10,96;9,36;4,69;6,54;1,57;1,33;0,84;-1,92;-6,14;6,18;8,18;7,77;-3,12;1,45;80,4;-9,1;4,65;-3,72;-6,48;-6,36;8,36;63;60;65;69;66;49;55;42;49;60;57;55;64;56;56;58,5;62;62,5;59;60;60,5;59,5;59;60
"69";469,3995434;554,585320415444;-0,94;3,46;8,46;5,57;5,08;6,88;3,71;6,66;1,51;1,91;2,53;-2,16;35,6;20,48;0,18;8,7;23,52;-2,45;-2,88;18,69;19,6;4,75;34,5;35,6;65;68;72;76;62;48;40;45;56;61;62;64;68,5;56,5;60,5;67,5;67,5;66,5;64,5;69;67,5;67,5;68;67
"70";294,2107164;531,727853610569;1,15;-3,28;0,58;4,68;3,49;3,45;3,17;3,51;3,87;2,84;-0,65;-3,79;1,15;6,45;6,45;-1,2;16,45;8,1;-4,25;8,75;-3,72;-3,72;-2,24;-1,4;64;61;68;73;71;56;57;41;46;58;58;57;66;60;55;63;64,5;64;60,5;62,5;62,5;62,5;62;62
"71";177,6710149;453,992416268918;0,12;-4,21;-1,31;2,27;1,98;2,72;3,24;3,08;3,79;2,67;-1,48;-4,24;-0,76;3,36;6,48;-1,98;15,85;15,2;-9,4;14,1;-5,32;-4,15;-4,66;-0,76;66;62;69;73;71;59;58;43;46;59;60;59;67,5;62,5;56;65,5;66,5;66;62,5;64,5;64;64,5;64;64
"72";226,1749326;442,511576675642;-2,62;1,53;2,97;4,16;2,98;2,19;1,87;1,69;0,64;1,15;0,98;-3,71;-0,720000000000001;-3,1;-4,48;-5,16;2,52;-4,84;-6,24;-3,1;0,21;-5,16;-5,16;-2,62;65;67;74;70;50;45;46;41;52;56;60;64;69,5;55;58,5;64,5;65,5;65;64,5;64;65;64,5;64;64
"73";53,05711831;513,873336332906;0,46;0,54;-2,61;2,76;3,17;2,9;2,73;2,15;3,83;3,26;-3;0,39;-4,16;4,38;7,84;16,11;5,52;0,29;0,46;5,28;1,74;-2,84;1,74;7,84;65;66;67;73;70;57;54;49;48;61;57;60;66;61;56,5;64;63,5;63;62,5;65;64;63;65;65
"74";244,5876532;373,748282383135;-4,2;3,36;2,31;-2,2;0,97;2,54;2,05;2,34;4,18;2,03;7,24;-3,44;-8,4;-8,4;-1,8;11,76;38,56;35,4;-4,2;6,96;-0,0800000000000001;-2,08;-0,0800000000000001;-10,2;59;65;65;66;68;69;57;54;53;54;64;59;62;64;56;62;62,5;62;59;62;60,5;59;61,5;60,5
"75";286,5656351;545,297255160977;-0,78;-3,59;1,43;4,85;6,61;1,97;4,83;2,73;3,03;1,01;-1,98;-3,16;0,66;0,66;2,88;-0,18;12,11;34,2;-5,34;10,41;-2,24;0,88;0,94;0,66;63;61;66;71;70;55;55;40;45;58;61;57;64,5;59;54;62,5;64,5;64;60;62,5;62;63;61,5;61
"76";221,9761512;376,769302720601;-5,2;3,03;4,63;-0,25;1,69;1,36;1,13;2,23;4,51;1,56;1,28;-2,79;-7;-15,4;-7;1,86;14,52;15,48;-12,6;1,8;2,58;2,58;2,58;-16;53;60;61;62;65;63;54;47;49;48;57;54;57;58;51;56,5;56;57;53,5;56;54,5;54;55,5;54
"77";218,0516599;497,553848932124;-0,79;-1,41;1,5;5,44;6,67;3,81;2,94;2,43;3,19;1,63;0,16;-1,96;0,63;6,05;2,84;9,6;0,54;5,58;-2,58;2,62;8,76;8,76;9,68;-0,58;65;67;67;77;71;55;53;42;50;53;58;59;66;60;57,5;64,5;64,5;66,5;62;65;64,5;65,5;65;64
"78";166,6486058;384,463668976693;0,32;-4,03;-1,1;5;4,34;3,71;5,64;3,21;2,03;2,34;-0,09;-6,96;-0,36;7,28;1,64;-9,18;5,08;66,64;-25,44;-4,08;-10,24;-7,12;-7,12;-2,04;62;59;67;70;66;51;53;40;47;57;56;55;64,5;56,5;54,5;57,5;61;60;58,5;58,5;58,5;57,5;57,5;59
"79";422,2111109;614,626893482228;10,59;6,72;2,51;3,51;4,48;2,57;1,21;0,77;1,08;1,84;-0,4;-0,51;59,31;59,31;60,9;-0,54;20,24;11,41;61,08;0,4;-0,54;-2,72;2,64;59,31;73;75;71;65;62;55;50;53;59;67;66;67;72;64;66;67;67,5;68;70;67;67,5;68,5;68;70
"80";210,3404085;390,430091685675;-4,98;-0,24;-1,87;3,53;7,87;3,91;4,07;6,27;3,11;6,01;2,34;3,05;-13,92;-8,82;-8,82;2,73;3,66;0;-8,82;12,85;2,73;6,46;11,19;0,219999999999995;60;58;60;65;68;73;56;42;33;37;52;56;60;66,5;46,5;56,5;56,5;57;58;60;56,5;57,5;59,5;61
"81";295,3748169;534,325074791404;-0,94;-0,42;1,96;14,31;3,99;1,93;4,58;2,77;2,48;1,07;-0,17;-6,07;0,18;0,18;2,24;-20,32;-13,2;-5,2;-20,64;6,87;-12,16;-24,48;-24,64;-0,88;58;59;62;68;72;57;45;31;34;48;55;55;60;57,5;46;57;58,5;60;56,5;63;56,5;58,5;58,5;58,5
"82";286,0858911;402,017270626592;-2,81;-4,46;-0,34;-2,96;3,12;7,98;2,99;3,42;6,18;2,87;5,47;2,89;-5,43;24,09;10,71;7,08;1,66;14,12;-1,86;4,34;5,08;12,12;3,04;1,33;52;59;57;58;64;67;72;54;42;31;35;50;54,5;59,5;47;51,5;54,5;54,5;51;55;54,5;54,5;54;53
"83";310,7891569;559,445729631877;-1,31;-4,31;2,19;5,06;6,37;3,78;2,3;1,7;2,22;1,41;2,07;-1,83;0,76;7,14;0,76;1,98;18,12;8,67;-1,31;26,01;2,94;1,98;26,88;24,21;67;65;65;74;62;58;42;44;49;61;60;62;66;62,5;58;67;68;65,5;64,5;65;66,5;66;66,5;65,5
"84";235,7776148;359,764107254603;-3,89;5,04;8,15;7,52;2,85;5,18;3,52;2,77;3,91;0,85;1,8;-2,95;27,43;6,1;-3,12;-15,8;-3,21;0,83;-3,89;-20,04;-5,9;-3,8;-15,8;-14,67;56;67;68;68;45;44;37;42;54;58;60;59;62;50;55;56,5;58,5;62;57,5;58,5;59;60;58;56,5
"85";165,8235763;306,26131655278;1,4;-3,21;-0,29;6,26;4,95;4,52;5,73;3,75;1,94;2,84;1,73;-6,77;1,8;11,6;1,4;-4,78;4,96;66,36;-23,4;-2,85;-4,78;-2,89;-2,89;-0,4;63;60;67;71;66;53;54;41;49;58;57;56;65;58;56;57,5;61;60,5;59,5;58,5;59;58;57,5;59,5
"86";358,4105408;548,037833789956;5,14;7,41;5,25;3,97;1,6;0,95;2,11;3,47;-0,53;-0,74;-0,42;-3,32;5,14;15,7;15,84;1,21;12;-30;10,26;6,12;16,05;-51,48;-3,95;10,26;60;71;59;54;41;44;50;54;55;59;64;63;59,5;52;57,5;65,5;64;60;61,5;61;64;61;62;59
"87";197,880138;427,459358320348;-0,29;5,33;2,78;4,27;2,3;3,51;1,12;1,78;1,9;-2,49;-1,77;-3,06;4,84;4,84;2,13;-0,38;-16,16;4,8;-3,87;0,82;1,86;4,48;0,24;-0,29;58;64;66;68;71;59;47;48;40;44;52;55;62;58,5;49;58;59,5;62;56,5;58;59,5;60,5;58;57
"88";224,7563842;385,300672704957;-1,06;-1,5;4,31;5,43;5,35;4,31;1,89;1,35;2,11;2,07;-1,77;0,98;8,64;8,64;1,76;4,65;29,61;5,1;-0,18;36,64;4,1;4,65;38,85;34,4;65;63;61;72;61;59;43;47;55;57;58;62;63;62;60;65;67;64,5;63,5;64;64,5;64,5;64,5;64
"89";320,9724955;543,83871576438;9,48;10,36;6,51;3,68;3,45;1,63;2,2;5,83;4,15;0,59;6,34;2,5;25,44;47,84;41,88;3,25;18,21;49,2;45,36;11,27;6,3;-6,8;3,25;47,76;65;73;61;52;32;37;43;55;55;56;61;60;63;51;60;63,5;63,5;61,5;62,5;62,5;62,5;60;61,5;61,5
"90";197,9765449;440,502746047448;1,98;-2,72;2,97;8,5;3,72;4,88;3,71;5,16;3,04;2,47;1,56;-3,57;1,98;8,94;4,96;1,48;18,76;30,78;-3,12;6,23;-0,52;-0,52;-2,28;-0,1;63;60;68;72;69;55;54;41;48;56;57;56;65,5;59;55,5;60,5;62;61,5;59,5;60,5;60,5;60;60;60,5
"91";268,4275044;522,684717031879;0,67;6,32;3,49;4,68;2,64;3,8;1,18;1,95;2,18;-1,89;-1,57;-2,88;5,01;8,68;2,34;-0,42;-12,16;1,64;-3,32;1,24;0,87;0,87;-0,71;0,67;58;63;66;68;70;58;46;46;39;44;52;54;62;58;48,5;57;59;61;56;57;59;59,5;57;56,5
"92";191,0180079;236,135724279986;-6,88;-0,47;-2,98;-3,96;0,78;1,1;1,43;2,22;2,99;0,93;6,09;-5,58;-21,52;-27,04;-23,8;6,37;19,25;24,48;-12,76;2,52;-5,18;-2,09;-3,18;-27,16;57;63;61;61;63;65;55;53;52;53;63;57;59;61;54,5;59;59,5;59,5;57;61,5;58;57,5;60,5;59
"93";165,768072;385,043699679196;5,08;6,01;5,53;3,38;1,52;1,09;2,1;2,62;0,07;-2,18;-0,14;-2,68;5,08;14,32;15,48;1,83;16,41;-37,12;12,64;9,66;19,15;-44,04;1,32;12,64;61;71;59;54;41;44;50;57;56;59;65;64;60;52,5;58,5;65,5;65;60,5;62,5;61,5;64;60,5;62;60
"94";164,7730991;417,257588523611;0,04;-3,66;2,59;7,98;2,59;3,07;6,75;3,24;5,03;4,06;3,06;1,32;3,12;6,16;10,2;-4,29;1,68;3,88;1,08;16,2;-5,86;-3,72;-10,29;-9,8;57;59;64;67;72;55;46;31;35;51;55;55;60,5;56;46;57,5;56,5;59;56;59,5;55,5;57,5;57,5;57
"95";108,4336961;206,654627042475;0,06;-7,2;2,55;-1,41;-2,31;0,14;1,02;1,33;2,14;2,41;0,88;5,35;3,18;0,06;3,18;-9,3;10,24;-3,3;15,36;-7,6;-13,29;-17,15;-17,58;0,06;56;55;61;61;61;64;65;53;52;52;55;62;58,5;60;54;59;57;58;59;54,5;55,5;57,5;55;55
"96";306,7727684;470,914465281351;2,61;1,05;3,96;8,93;11,86;5,75;7,1;3,65;2,35;1,56;0,75;-4,42;6,22;16,44;2,61;-0,78;2,9;17,95;-7,12;16,8;2,88;-0,56;-0,56;4,22;68;66;69;72;69;53;57;42;53;63;63;60;68,5;60,5;60,5;65;67,5;69;64;66,5;66,5;66;65,5;66
"97";209,103969;328,331849866947;1,8;-2,92;-0,32;6,77;5,51;4,45;6,05;3,7;1,94;3,07;2,18;-6,8;2,4;8,4;1,8;-2,74;5,16;75,3;-19,8;-2,73;-4,48;-2,74;-2,74;-1;63;61;67;71;66;51;54;41;49;58;57;56;65;57;56;57,5;61;61;59,5;58,5;59;58;57,5;59,5
"98";178,4542173;465,576495099541;-1,82;-5,19;-2,49;1,12;2,12;1,24;4,19;2,62;3,3;1,96;-2,87;-5,45;-1,82;-1,28;4,08;-6,12;14,16;61,05;-13,28;13,05;-6,09;-6,12;-6,09;-2,64;60;58;65;70;66;52;53;37;43;56;57;54;62,5;56;51,5;60;62;61;57;59;58,5;59;58;58
"99";352,3906732;556,641945200461;5,1;7,58;4,86;6,39;4,21;1,5;2,25;3,02;0,24;-1,1;-0,03;1,36;5,1;14,4;15,5;9,8;-1,68;5,02;14,4;-7,68;8,88;8,88;9,84;15,5;67;71;71;73;63;51;46;41;49;57;61;66;69;59;58;64;65;65;66,5;62,5;65,5;64;64;65,5
"100";257,2275021;400,132381058397;-4,27;1,07;3,13;-0,51;1,66;1,56;1,44;2,06;4,56;1,41;1,97;-1,96;-6,16;-10,62;-2,43;7,98;12,1;16,08;-9,81;2,86;2,32;2,32;2,32;-11,35;53;59;60;61;64;64;54;48;48;46;58;55;56,5;58,5;50,5;57;56,5;56;54;56;55;53,5;56;54,5
"101";233,4049029;469,166393045503;1,95;0,17;3,83;9,17;12,07;5,08;7,32;3,37;2,22;1,22;0,23;-3,99;4,9;13,8;1,95;-1,23;2,32;17,4;-3,3;12,24;3,85;-1,46;-0,69;1,95;68;66;69;72;70;53;58;42;52;63;63;60;68,5;60,5;60;65;67;69;64;66,5;66,5;66,5;66;66
"102";360,6587928;609,766863845567;3,88;6,05;4,78;0,73;2,45;1,7;2,25;6,32;7,82;-2,46;2,28;1,67;3,88;8,64;21,52;1,19;16,4;0,480000000000004;8,64;29,2;29,33;-25,29;1,38;9,52;60;70;59;52;37;38;43;60;56;57;66;63;59,5;49;58;61;61,5;59;61,5;60,5;60,5;57,5;59;58,5
"103";263,7820645;592,007736061581;1,47;-0,39;3,85;8,9;11,57;4,66;6,97;3,3;2,18;1,11;0,06;-3,67;7,41;11,88;1,47;-0,98;2,34;15,48;-6,18;8,97;2,08;-0,98;0,0600000000000001;1,47;68;65;68;72;70;54;58;42;52;63;63;60;68;61;60;64,5;67;68,5;64;65,5;66;66;65;65,5
"104";399,2238627;569,528601500549;5,2;-1,35;-2,08;4,34;5,39;4,4;2,83;1,27;2,6;0,9;-0,66;-0,92;13,6;5,2;12,6;5,85;6,51;3,98;15,4;6,08;4,9;2,95;2,95;9,4;67;68;66;76;65;61;44;44;50;55;58;62;66,5;64;58,5;64;67;66;64,5;65;65,5;65;65;65,5
"105";326,7107346;528,225349112059;3,46;-2,79;-2,66;3,67;5,32;4,65;2,72;0,97;2,3;-0,01;-1,62;-1,17;3,22;7,92;5,92;12,04;7,44;2,13;7,3;18,27;12,04;8,02;16,53;19,84;67;66;65;75;64;62;46;45;52;56;59;62;66;64,5;59,5;64,5;67,5;65,5;64,5;64,5;65,5;65;65;65,5
"106";158,448781;274,488244767019;-3,3;-4;2,61;7;2,59;0,83;2,77;1,85;2,68;10,19;9,25;-0,2;-4,8;-6,5;-4,8;12,55;72,12;11,3;-7,2;10,71;12,55;12,55;4,51;6,3;59;58;60;71;60;51;35;35;41;60;55;59;59,5;55;50;62;60,5;58,5;59;58,5;62;61;62;58
"107";321,8448338;463,315634340981;-4,1;0,64;10,32;7,91;5,86;6,58;2,79;5,22;0,59;-1,21;-2,27;-2,78;43,5;9,9;-10,5;-11,97;1,52;-8,2;-7,2;11,88;-11,97;-13,26;3,19;4;63;65;71;76;68;52;45;48;56;60;60;61;67;57,5;59,5;66;64,5;63;62;65;64;64,5;65,5;64,5
"108";200,3073012;445,266012180261;-1,42;4,44;0,22;-1,39;4,17;4,89;3,52;2,6;1,62;2,69;1,51;0,18;-1,84;11,06;0,32;-1,98;1,18;0,12;-1,84;1,01;-0,49;-1,98;0,02;-1,26;60;67;69;67;75;64;60;43;43;48;53;58;64,5;62;51,5;61,5;60;62,5;59;59,5;60,5;61,5;59,5;58
"109";114,0608553;307,91401545102;0,32;-3,63;2,98;9,17;3,38;3,17;6,47;2,9;5;3,43;2,23;0,51;3,96;3,96;11,6;-3,38;1,68;1,92;0,32;17,27;-5,38;-2,76;-5,38;-8,4;57;58;64;67;72;53;44;29;34;50;54;55;60,5;55;45,5;57;57;59;56;59,5;55,5;57,5;57,5;57
"110";353,5470173;567,460861400494;-2,53;-0,58;1,8;3,72;5,85;2,59;2,98;2,87;3,93;1,03;0,85;0,5;-2,65;-0,179999999999999;3,29;0,15;2,26;15,06;-4,12;1,72;0,15;15,9;3,45;-2,65;65;66;65;70;67;56;46;38;42;56;57;62;65;60,5;53,5;64;64;64,5;63,5;66;63;64,5;64,5;64,5
"111";283,1776764;427,394782398523;2;-1,48;-2,69;3;4,86;4,33;2,45;0,88;2,1;-0,08;-1,76;-0,95;0;9;2;16,52;18,12;8,04;3;35,82;13,89;13,89;19,89;35;67;67;66;75;65;63;47;47;56;57;60;65;66,5;65;61,5;67;69,5;67;66;66;67,5;67;67;66,5
"112";389,3475505;451,576315764122;-3,24;-2,65;10,07;0,47;3,17;3,75;2,74;1,54;1,27;0,64;-4,84;-1,12;45,64;-1,68;-6,2;-12,54;1,89;14,76;-6,72;15,48;-13,44;-15,9;-15,9;-6,72;52;56;64;65;65;70;60;49;55;46;42;52;58;61;53,5;53,5;56;56;52;57;54,5;53;52,5;52
"113";120,0134637;262,41341023069;1,41;-3,19;-0,29;6,27;4,99;4,51;5,72;3,76;1,93;2,85;1,81;-6,76;1,82;11,64;1,41;-4,66;4,64;65,52;-23,31;-3;-4,66;-2,83;-2,83;-0,36;63;60;67;71;66;52;54;41;49;58;56;56;65;57,5;56;57,5;61;60,5;59,5;58,5;59;58;57,5;59,5
"114";86,53030692;444,45779869634;0,64;-3,69;-0,68;2,96;2,72;3,27;3,07;3,18;3,89;2,81;-1,34;-4,05;0,28;4,92;8,56;-0,960000000000001;14,45;6,81;-6,8;10,71;-4,64;-4,64;-4,32;-1,08;65;62;69;73;71;58;57;42;46;58;59;58;67;61,5;55,5;64,5;66;65;61,5;64;63,5;63,5;63,5;63,5
"115";191,1549862;537,890885999723;0,17;-1,93;4,97;7,55;9,62;4,06;5,21;3,67;2,49;0,86;0,74;-1,17;10,85;6,68;3,51;7,5;11,7;5,72;-0,66;2,44;8;7,5;3,5;3,51;66;65;68;74;73;58;58;44;51;60;63;60;67;62;58,5;65;65,5;67,5;63;66;65;66;65;64,5
"116";96,0710278;500,814935363499;-2,67;-0,48;1,92;3,62;5,7;2,57;3,05;2,92;3,97;0,8;0,77;0,56;-3,35;-1,02;2,31;0,16;2,49;15,84;-4,68;1,7;0,16;15,96;1,32;-3,35;65;66;65;70;66;56;46;38;42;56;57;61;65;60,5;53,5;63,5;63,5;64,5;63;66;62,5;64,5;64,5;64,5
"117";275,8668804;513,225869341516;0,87;-2,68;1,15;7,49;8,68;3,13;6,77;1,97;2,09;1,04;-2,11;-4,95;0,87;5,61;2,74;-6,24;1,75;59,4;-9,78;5,4;-6,72;-8,48;-8,1;0,87;63;60;66;69;68;51;55;40;46;60;60;56;64,5;57;54,5;59,5;63;62,5;59,5;60,5;60,5;60;59,5;60,5
"118";68,47910207;223,371651612059;-0,04;7,09;2,21;4,76;3,28;4,19;1,56;2,05;1,54;-2,88;-1,55;-4,59;2,88;9,8;0,92;-2,8;-19,04;1,2;-10,2;-1,5;-2,8;-2,8;-2,2;-3,12;57;64;64;68;68;57;44;45;39;42;52;54;60,5;57;48;57;58,5;61,5;55,5;57,5;59;60;57,5;56,5
"119";220,4247657;517,587878446204;-2,96;1,22;6,46;8,2;2,68;6,38;2,3;2,43;1,09;-2,06;-4,27;-2,4;15,4;15,4;-4,8;-9,03;39,34;2,63;-2,96;41,58;30,94;-6,32;-9,87;-4,92;61;66;70;68;52;55;40;46;60;60;56;62;65,5;58;60,5;63,5;65,5;64;61,5;62,5;63,5;62;61;61,5
"120";62,83347309;319,166492757135;4,14;5,34;6,87;1,04;4,32;3,98;3,69;1,55;1,81;5,09;4,42;-0,93;15,42;4,14;9,42;10,01;-6,24;-16,8;9,84;2,25;-1,57;-1,71;-1,57;7,98;61;60;65;68;65;43;37;34;36;50;55;55;63;52;48,5;58;57,5;55;58;55,5;58;56,5;56;57
"121";350,5199465;574,50485614723;-1,85;-5,39;-2,81;0,88;1,54;1,27;4,25;2,65;3,18;2,04;-2,8;-5,86;-1,85;-1,4;3,9;-8,3;13,75;68,88;-19,25;10,32;-8,64;-8,64;-7,98;-2,7;60;57;65;70;66;50;52;36;42;56;57;53;62,5;55;51;59;61;60;56,5;58;57,5;58;57;57,5
"122";206,3333496;311,673496460337;3,14;2,19;-4,37;-2,86;7,53;6,54;3,69;2,2;2,77;0,92;3,53;-1,24;-2,88;18,56;3,14;1,33;3,15;4,68;5,7;23,88;6,99;3,66;22,98;18,56;57;59;59;60;65;69;67;54;48;51;46;47;58;63;52,5;51;52,5;55;52;56,5;52;55;55;57
"123";285,7156393;519,205667125271;-0,69;-3,51;1,35;5,29;7,09;2,14;5,47;2,58;2,87;1,01;-2,06;-3,53;0,93;0,93;3,24;-1,8;8,65;38,9;-5,07;8,31;-0,4;-0,4;0,2;0,93;63;60;66;71;69;54;55;40;45;59;61;57;64,5;58,5;54;61,5;64;64;60;62;61,5;62;61;61
"124";203,7747674;466,196216434584;2,9;-0,78;2,75;12,07;8,46;4,63;5,56;1,91;1,55;0,91;-1,49;-5,94;2,9;6,8;4,8;-2,65;1,9;43,11;-9,9;6,28;-3,25;-4,6;-4,95;5,6;65;62;66;69;67;50;56;43;49;60;59;56;65,5;57,5;57;60,5;64;64,5;60,5;62;62,5;61,5;61;62
"125";46,23071689;253,05531284459;2,36;-2,63;2,8;8,52;4,49;4,32;3,39;4,88;3,27;2,42;1,41;-3,63;2,36;5,72;2,36;1,72;20,72;20,88;-0,840000000000001;4,08;-1,92;-0,28;-4,56;-0,840000000000001;63;60;67;71;69;54;55;41;47;56;56;55;65;58,5;55;60,5;62;61,5;59;59,5;60,5;60;59,5;60
"126";43,1822876;431,642716644535;2,95;2,01;3,88;4,02;2,77;2,66;2,86;2,21;2,59;3,89;-0,41;1,41;2,95;2,95;2,95;2,08;0,24;3;4,9;-2,4;3,24;3,16;2,32;4,75;69;70;69;75;68;60;52;48;45;55;58;65;69;64,5;57;66;65;64,5;67;63;65,5;65;64,5;65
"127";129,7753409;420,104839840308;-2,9;-3,99;3,29;7,5;2,75;1,75;3,14;2,08;2,91;9,99;7,66;2,16;0,700000000000001;-4,5;-2,4;16,55;32,34;14,7;-2,4;16,52;16,55;16,86;5,31;9,9;64;62;64;74;67;58;38;41;44;61;59;64;64;61;54;66;65,5;63,5;64;64;67;66;67;63,5
"128";333,645139;467,818597912869;1,52;-1,88;3,4;2,48;3,47;3,51;0,89;2,52;1,83;-4,59;-1,67;-3,23;4,04;4,04;1,52;-0,55;5,88;1,95;-2,4;-5,7;7,25;23,6;-0,55;2,04;63;65;71;68;77;66;53;61;55;50;57;60;67;64,5;59;63;65;62,5;61,5;63;64,5;64,5;63,5;62,5
"129";61,69551928;507,09183065669;1,42;-1,15;-2,78;2,91;4,82;4,13;2,28;0,86;2,03;-0,12;-2,01;-1,02;-2,9;7,26;1,42;21,4;22,84;14,13;1,26;38,34;19,12;19,12;21,84;39,36;68;68;66;75;65;63;47;48;57;57;60;65;67;65,5;62,5;67,5;70;68;66,5;67;68;68;68;67,5
"130";169,2848819;414,364433914559;0,15;-1,8;4,67;7,31;9,92;4,37;5,49;3,76;2,22;0,79;0,82;-1,66;10,75;10,75;3,45;3,6;10,64;4,8;-0,7;2,28;4,44;4,88;2,72;3,45;67;65;68;74;73;57;59;44;52;60;63;60;67,5;62;59,5;65,5;66,5;68;63,5;66,5;66;66,5;66;65,5
"131";95,0539071;501,627665546131;0,5;-3,65;-1,06;2,27;2,71;3,52;2,81;3;3,91;2,96;-1,73;-4,14;0;8;8;-2,34;10,56;1,18;-7,5;11,04;-5,56;-4,45;-4,78;0;65;63;69;73;70;57;57;41;46;59;59;59;67;61;55,5;65;66;66;62;64;64;64,5;64;63,5
"132";110,9911111;396,179935106006;3,48;-2,06;0,85;10,14;8,66;4,83;6,44;1,78;1,24;1,22;-1,22;-7,09;7,44;7,96;7,44;-6,84;2,96;103,05;-16,72;0,99;-5,68;-5,76;-4,84;7,4;62;58;64;67;65;48;53;40;46;58;56;54;63;55;54;56;60,5;60;58;58;58,5;57;57;59
"133";87,79918817;460,50321649087;4,24;6,71;8,18;3,04;5,32;3,56;3,13;3,98;1,82;1,13;-2,71;-2,16;22,96;4,24;9,72;-1,92;-2,14;0,92;8,68;-4,26;2,72;0,900000000000001;-1,92;5,92;66;68;68;47;47;38;43;54;59;59;59;59;67;52;62,5;60,5;61,5;62,5;62,5;62;63,5;61,5;62;63
"134";115,3282386;222,318372385313;0,16;-6,94;0,16;-1,68;-3,19;0,77;1,4;1,66;2,55;3,23;1,1;6,49;0,16;0,16;3,48;-15,66;17,44;-7,44;22,12;-3,78;-16,96;-19,44;-19,44;0,16;56;57;63;62;61;64;66;54;53;52;53;62;59,5;60;54,5;58;56,5;57;59;53,5;55;57;54;54
"135";295,5878982;497,706683290282;4,42;-0,47;4,19;10,15;3,32;6,21;3,62;6,98;2,38;1,99;4,3;-2,19;4,42;9,84;10,26;24,9;7,36;39,71;9,94;10,15;21,5;23,85;23,85;9,94;67;64;71;74;70;56;56;44;52;59;60;60;69;61,5;59,5;63;64;63,5;63,5;63;64;63;63;63,5
"136";128,0680437;269,473330722963;-1,4;-5,17;-2,31;2,15;2,52;1,86;5,04;2,6;2,76;1,98;-2,38;-6,55;-1,4;0,4;3;-11,92;10,05;79,94;-23,4;4,8;-12,4;-11,92;-10,44;-1,4;60;57;65;70;66;51;53;37;44;57;56;53;62,5;55,5;52;57,5;60,5;59,5;56,5;57;57;57;56;57
"137";394,2891717;540,29536211648;-2,63;-3,4;5,18;9,63;2,79;1,58;1,55;2,1;3,24;2,39;0,86;-3,37;6,96;-3,15;-0,779999999999999;-4,38;3,01;0,65;-2,63;16,64;-4,38;-2,07;-0,76;-3,15;66;65;68;73;72;58;44;48;42;52;56;62;67;62;54;61;63;63;64;66;62;62;63;64,5
"138";266,0868749;508,694069758023;-0,34;-3,99;-0,74;4,6;5,85;2,18;6,19;2,17;2,6;1,45;-2,44;-5,56;-0,34;1,98;1,98;-6,26;6,78;80,21;-17,04;6,92;-8,15;-8,52;-8,52;-0,34;61;59;65;70;67;51;53;38;44;58;58;55;63;56;52,5;59;62;61,5;58;59,5;59;59;58,5;59
"139";433,6733326;609,671082906801;-0,3;-2,67;3,71;6,9;8,64;2,92;5,05;3,18;2,8;0,79;-0,74;-1,86;8,5;4,8;4,8;2,2;8,82;14,76;-1,6;3,42;2,2;3,76;2,44;2,1;65;63;67;72;72;56;57;41;47;59;62;58;66;60,5;56;63,5;64,5;65,5;61,5;64;63;64;63;63
"140";362,0045771;525,318460592467;-2,81;-4,12;1,64;6,24;2,4;2,12;3,1;2,19;2,99;8,55;5,9;1,92;-4,05;-4,05;-1,86;13,4;6,18;15,18;-4,05;14,28;12,72;13,4;4,68;10,71;66;64;65;75;70;59;40;42;44;61;60;65;65,5;62,5;55;66,5;66,5;65,5;65,5;65,5;67,5;67;67,5;65
"141";297,9675973;493,250394472805;-5,28;-0,37;-1,55;3,35;10,08;5,43;4,5;6,73;3,55;6,35;1,92;1,49;-15,12;-3,08;-11,52;5,06;10,5;0,779999999999999;-15,96;17,35;9,09;5,06;20,15;2,64;62;60;63;67;71;75;59;45;35;41;53;59;62,5;68,5;48,5;59;59;59;60,5;62;59;59;61,5;63
"142";336,4651852;529,808121531624;1,24;-3,31;0,47;4,56;3,59;3,48;3,07;3,47;3,9;2,83;-0,64;-3,82;1,24;6,72;6,72;-0,75;16,62;7,2;-7,56;8,75;-3,45;-3,45;-2,15;-1,04;64;61;68;72;71;56;57;41;46;58;58;57;66;60;55;63;64,5;64;60,5;62,5;62,5;62,5;62;62
"143";145,966553;216,384731980845;-0,78;0,27;-4,12;-4,79;-2,62;7,65;4,13;1,79;3,24;1,1;3,22;1,17;-9,12;28,98;6,1;4,8;1,86;1,8;-0,56;-2,76;1,84;1,84;-0,12;0,66;51;67;62;62;59;67;70;65;52;44;47;52;56,5;59;51,5;57;58;57;51,5;56,5;58,5;57;57,5;54
"144";519,825708;643,184351639572;-2,74;-0,86;1,53;3,66;5,89;2,67;3,03;2,99;3,95;1,06;0,95;0,81;-3,7;-1,44;1,82;0,35;1,8;14,22;-4,96;1,84;0,35;11,75;1,7;-3,7;65;66;65;70;67;57;47;38;42;56;57;62;65;61;53,5;64;64;64,5;63,5;66;63;64,5;64,5;64,5
"145";71,29763378;299,291107103161;-1,46;1,82;12,49;3,78;1,9;4,29;2,49;1,88;1,2;-1,55;-7,44;-8,02;70,56;6,24;-1,38;-22,7;-12,21;2,43;-31,22;49,59;-22,7;-12,48;24,82;48,48;59;63;69;72;54;45;28;32;48;55;55;58;64;52;53,5;59,5;60;63,5;58,5;64;59,5;63;61;61,5
"146";300,627057;573,049659492692;-1,16;-4,96;-2,28;1,18;1,49;1,73;3,73;2,88;3,51;2,24;-2,37;-4,92;-3,32;-0,48;4,2;-4,8;16,02;41,12;-10,64;14,7;-5,84;-5,84;-5,88;-1,16;63;60;68;72;69;55;55;40;45;58;58;56;65,5;59;54;62,5;64,5;64;59,5;62;61;62;61;61
"147";272,7215143;541,682046982979;-1,25;-4,94;-2,25;1,01;1,71;1,69;3,58;2,74;3,6;2,19;-2,47;-4,75;-3,5;-0,75;3,75;-3,5;16,2;35,77;-11;16,2;-5,1;-4,8;-5,1;-1,5;63;60;68;72;70;56;56;40;45;58;59;57;65,5;59,5;54;63;65;64;60;62,5;61,5;62;61,5;61,5
"148";96,21956248;345,846776769878;-1,71;-3,15;4,37;5,65;6,37;3,68;1,93;1,54;2,23;1,93;1,84;-2,43;9,03;4,74;-0,84;1,03;33,36;11,6;-1,71;27,63;1,03;1,06;28,21;27,9;65;63;63;73;61;56;41;44;49;60;59;60;64;60,5;57;66;67;64,5;62,5;64;65;65;65,5;64
"149";371,9159819;541,045425346944;-0,47;-4,37;-1,93;1,19;1,91;2,64;3,03;2,8;3,7;2,56;-2,27;-4,35;-1,94;4,12;7,65;-3,75;13,7;8,43;-7,88;15,6;-5,25;-3,75;-5,25;-0,47;66;63;70;73;71;58;57;42;46;59;60;59;68;62;56;65,5;66,5;66,5;62,5;64,5;64;65;64;64
"150";263,2065498;508,780736039647;-3,15;-4,07;3,56;7,67;2,67;1,45;3,01;1,97;2,83;10,34;8,14;1,65;-1,05;-5,75;-3,9;16,4;49,59;13,74;-5,75;14,35;16,4;16,68;5,28;13,5;62;60;62;73;64;54;36;38;43;61;57;62;62;58;52,5;64;63;61;62;61,5;64,5;63,5;64,5;61
"151";267,0562157;375,976345323836;0,9;2,9;7,22;2,75;5,16;3,97;3,07;3,62;4,3;3,92;3,8;1,57;27,3;9,6;9,6;-5,13;39,12;1,92;0,9;-9,6;33,48;6,32;-6,42;-9,6;61;62;70;72;72;56;52;42;40;60;59;59;65,5;58,5;50,5;60,5;62;59,5;60;61;61,5;60,5;60,5;60,5
"152";395,4260663;539,292473780095;2,61;1,41;8,09;2,79;4,86;2,82;2,36;1,06;3,7;2,11;2,11;3,89;30,66;2,61;6,22;-36;15,81;-5,28;6,22;-10,38;-8;-33;-33;3,05;62;62;67;70;69;59;57;46;45;59;55;62;64,5;60,5;53,5;60;63,5;64;62;64;62,5;62;63;63,5
"153";340,9510978;570,664002545197;1,75;-0,57;6,42;3,92;3,74;3,48;2,42;2,45;4,25;4,57;3,9;1,81;18,75;4,5;8,25;10,36;21,36;-0,52;1,75;3,04;28,63;3,18;1,09;1,75;66;68;72;75;73;61;58;44;47;59;61;65;69;63,5;56,5;65;66,5;65;65,5;67,5;66;65,5;66,5;66,5
"154";158,9297496;187,944379234575;-3,76;-1,11;1,01;-0,48;6,06;1,54;2,09;2,79;1,98;1,08;2,77;3,52;-8,8;-7,56;-7,56;11,48;22,86;-1,8;-2,08;9,54;1,37;1,37;-3,15;-3,76;58;64;65;68;73;73;73;64;61;51;51;63;61,5;65,5;59,5;62,5;61;61;60,5;59;59,5;59;57,5;56,5
"155";185,876335;234,711508472943;-2,97;2,57;-4,85;-4,96;2,23;0,19;3,01;2,3;1,39;0,49;1,9;1,8;-6,94;-5,88;-4,85;18,84;11,32;-2,74;-4,85;28,1;0,64;0,64;-1,08;-2,97;56;62;60;63;65;64;66;61;57;49;51;59;58;60;56,5;60;57;58;57,5;57,5;56;56,5;54;54
"156";370,020345;489,200747987349;0,39;0,96;8,86;3,57;5,34;4,94;2,55;2,54;3,5;4;4,57;3,76;39,51;11,95;7,56;-2,74;22,72;2,36;7,56;-11,76;26,3;0,649999999999999;-8,61;-12,66;62;63;71;74;73;57;53;42;46;61;58;62;66,5;59,5;54;61,5;62,5;59,5;62;61;62,5;61;61,5;61,5
"157";252,382523;334,169650857846;7,21;0,8;1,73;2,99;2,05;0,93;2,1;2,94;1,38;5,07;-6,67;0,9;28,26;29,47;28,26;-16,44;4,68;-2,94;29,47;16,56;13,56;-3,72;-11,2;20,52;73;72;71;65;60;49;51;61;59;65;65;69;72;61;66;67;67,5;67;71;68,5;68,5;67,5;66;68,5
"158";366,0191263;549,04693456197;-3,18;0,59;-0,08;9,11;3,06;5,35;3,45;2,79;2,04;5,1;4,63;5,38;-6,72;7,38;-4,08;10,4;6,7;38,92;7,38;5,18;11,1;11,1;4,7;2,56;59;63;64;69;71;71;59;56;42;45;61;58;61,5;65;50,5;62;61;61;58,5;59,5;62,5;60,5;59,5;57,5
"159";414,2822236;519,123456088452;2,5;-2,92;4,66;3,1;2,55;3,07;1,86;1,88;3,62;4,99;3,53;1,07;10,5;2,5;6;-2,52;29,25;-4,5;4;5,01;43,92;0,8;0,8;2,5;65;66;71;74;71;59;56;44;47;57;58;64;68;62;56;63,5;65,5;63,5;64,5;66,5;64,5;63,5;65,5;66
"160";289,7328922;406,760387982284;-0,28;-1,52;5,17;1,33;2,61;2,72;2,11;0,9;2,53;3,16;0,85;11,25;13,32;4,88;2,16;1,32;53,22;28,44;62,64;0,85;55,98;7,93;-17,34;-0,28;65;68;72;73;73;64;62;53;52;63;60;67;68,5;64,5;58,5;66;68;67;66;70;67,5;66;68,5;68
"161";25,01294056;255,12082854058;4,07;5,12;5,59;3,13;3,84;2,51;4,87;3,91;0,79;-0,25;1,92;-1,09;9,14;7,14;10,28;3,64;7,47;15,4;9,42;-2,08;3,64;3,64;1,6;7,49;73;76;68;54;50;42;47;55;57;63;67;66;70,5;57,5;65;67,5;67,5;70;69,5;67,5;68;68;68;70
"162";236,1351469;408,074760941621;2,61;0,98;4,11;9,07;12,33;5,84;7,29;3,76;2,35;1,51;0,83;-4,27;6,22;16,44;2,61;-0,65;3,04;18,24;-2,73;16,95;3,4;-0,3;-0,3;4,22;69;67;69;72;70;53;58;42;53;63;64;60;69;61;61;65,5;68;69,5;64,5;67;67;66,5;66;66,5
"163";357,2420768;572,325872459966;2,88;-0,88;-2,58;2,82;4,26;3,15;2,29;1,39;2,17;0,6;-1,15;-2,61;2,28;2,88;2,88;0,33;10,32;1,43;2,28;-0,99;1,66;0,33;0,33;5,52;66;67;64;71;63;58;43;42;49;53;58;61;65;62;57,5;64;67;65;63,5;64;65;64,5;64;64
"164";141,5842865;216,143928781126;3;-3,47;-6,27;0,36;0,31;3,59;2,38;1,6;0,51;1,99;1,52;0,47;-15;3;6;32,28;-0,66;7,02;6;4,02;48,84;18,14;45,99;3;61;60;63;65;65;67;60;57;50;52;60;56;62;64;55,5;61;61;63,5;58,5;59;61,5;62,5;59;58
"165";326,4348506;454,651683877079;-2,86;-1,08;-2,55;9,06;3,8;5,71;4,67;2,44;2,44;3,65;3,84;5,42;-2,86;10,26;-2,16;7,2;2,1;24,12;10,26;1,12;3,4;7,2;7,6;-5,58;57;62;63;69;73;72;57;53;41;45;60;58;60;64,5;49;61,5;59;59,5;57,5;57;60,5;59;58;55,5
"166";77,5923027;140,083775481296;-2,96;2,24;-2,69;0,91;2,95;4,43;2,53;2,22;1,96;4,17;2,82;0,5;-2,96;4,32;-4,8;0,46;-1,71;20,16;-5,84;-3,2;-0,27;4,92;-3,81;-2,96;54;60;59;65;67;68;58;52;44;43;58;54;56,5;61;49;57;57,5;59,5;54;55,5;58,5;58,5;54,5;52
"167";322,6846793;465,45025009848;-4,19;-1,42;6,87;8;4,15;3,55;3,1;5,79;3,18;4,84;2,38;-1,11;15,72;-5,52;-5,52;2,7;-16,84;9,27;-10,76;-9,6;4,75;6,9;-0,349999999999999;-4,19;62;60;68;64;38;48;39;41;56;56;58;59;65;55;59;60,5;60;60,5;60,5;57;61;60,5;59,5;59,5
"168";213,8314429;412,204231841523;5,13;4,12;6,16;4,56;3,12;2,22;4,77;2,73;4,27;2,21;1,87;3,52;11,26;12,39;5,13;42,9;18,57;3,04;9,26;1,56;36,5;47,3;46,4;14,52;68;73;70;47;50;43;42;56;60;64;64;68;69;55,5;64;67;68,5;65,5;68;65,5;67,5;66;67;67
"169";295,4473562;460,783296586067;-0,69;-3,38;0,37;6,89;8,87;4,65;3,84;3,07;5,26;2,64;5,17;2,44;-0,38;10,86;10,86;-2,28;2;-0,61;3,24;5,7;2,86;0,86;20,58;16,17;65;65;65;72;70;44;52;45;44;58;59;63;65;54,5;54,5;62;63,5;62,5;64;65,5;64;63;65,5;65,5
"170";337,2656486;492,249083730916;-4,82;-1,41;7,81;11,19;3,6;3,91;3,4;4,94;2,6;4,51;1,56;-2,56;15,34;-7,38;-10,56;4,08;-8,67;-1,95;-11,46;-11,44;-3,22;4,08;-13,14;-10,64;65;64;72;68;49;55;50;53;62;61;63;64;68,5;60;63,5;64;62,5;63,5;64,5;59,5;64;64;62,5;62
"171";166,4663387;272,792759362931;-3,42;0,32;6,52;7,65;4,42;3,64;2,96;5,84;3,24;4,87;2,65;-0,28;10,8;0,640000000000001;-2,94;2,94;-20,34;7,8;-7,68;-6,92;7,1;7,84;2,94;-3,42;63;62;70;67;41;49;40;41;56;57;60;61;66,5;56;59,5;62;61,5;62,5;62;59;62;62,5;61;61
"172";124,9559996;261,259334794959;1,02;6,63;9,15;4,02;4,55;3,65;5,86;4,58;7,97;1,51;-2,33;2,6;45,18;6,06;28,14;3,5;20,24;-13,2;3,04;-4,41;3;-15,75;3,5;1,02;60;69;63;42;46;43;43;57;57;60;59;61;61,5;51,5;58,5;60;63;59;60,5;59,5;61;59;60,5;60
"173";167,7607524;444,36069655226;3,71;5,16;7,17;4,6;3,62;2,77;4,73;2,46;4,81;1,74;2,08;3,23;20,84;3,71;8,42;27,72;18,68;3,64;3,71;1,48;25,4;28,64;27,48;6,42;67;72;71;46;50;43;43;56;59;63;65;68;69;55;63;66;68;65;67,5;65;66,5;65;66;66
"174";86,20484518;286,191428556808;4,46;-0,19;8,63;6,3;4,99;4,05;2,97;3,08;5,15;1,82;2,69;-3,77;32,3;4,46;4,46;-3,65;-5,68;-4,28;4,14;0,4;-8,6;-3,65;-8,6;12,3;62;63;66;73;66;58;49;39;46;53;60;56;64;60;54;59;59,5;57,5;59;59,5;59;56,5;59;60,5
"175";148,843363;245,715394388809;6,2;11,04;-0,81;-0,25;0,27;9,65;3,22;3,01;3,25;1,18;3,56;-3,32;21,6;30,8;15,6;-0,19;11,32;58,6;17;1,4;-0,19;-0,19;5,24;15,6;66;70;69;70;71;76;76;65;65;53;64;60;67,5;71;65,5;65;66;64;63;62;65,5;64;66;65
"176";308,7026117;500,871432224257;1,16;8,79;2,91;3,01;3,03;1,57;4,53;-2,97;-0,81;-1,74;-6,74;-3,46;3,32;1,16;1,32;-4,89;7,4;25,92;-4,2;15,04;6,96;-2,63;-3,15;1,16;71;76;77;65;65;52;65;60;68;66;66;67;74;61,5;69,5;69,5;70;70,5;69;73;69;68;69,5;71,5
"177";115,8580004;200,735872252061;5,04;3,92;4,92;3,06;1,91;2,16;0,54;4,69;-1,24;-5,09;-4,24;1,66;5,04;12,12;14,28;56,34;55,7;3,35;14,16;69,24;32,67;73,9;76,68;15,2;75;74;66;39;45;44;60;65;66;65;67;69;70,5;59,5;70,5;72,5;76,5;74,5;72;72,5;74,5;72,5;71;72
"178";268,5466439;448,326862689091;1,62;2,08;3,57;5,46;2,93;2,53;1,64;10,08;5,72;-2,12;-3,71;3,32;4,24;1,62;18,1;17,88;28,2;4,47;4,24;57,72;20,91;20,82;19,76;1,86;66;69;65;42;44;35;54;62;62;60;62;61;65,5;50,5;64;66;67;65;63,5;65;68;66;65;63
"179";187,596447;258,1177258688;4,96;3,97;5,27;2,9;1,89;2,08;0,42;4,24;-1,34;-5,37;-4,42;1,89;4,96;11,88;13,72;62,44;55,1;3,07;13,84;68,88;41,68;71,28;77,04;14,76;75;74;65;39;45;44;60;65;66;65;67;68;70;59,5;70,5;72;75;73,5;71,5;72;73,5;72;70,5;71,5
"180";197,0796531;243,265005343983;4,85;3,89;5,18;2,93;1,85;2,06;0,36;4,24;-1,29;-5,37;-4,41;1,75;4,85;11,55;12,95;60,83;54,15;3,05;13,4;67,08;40,76;69,21;74,28;14,25;75;74;65;39;46;44;60;65;66;65;67;68;70;59,5;70,5;72;76;73,5;71,5;72,5;74;72;71;72
"181";154,0587708;209,923341500772;4,76;3,8;5,04;3,12;1,79;2,07;0,24;4,59;-0,84;-5,11;-4,21;1,63;4,76;11,28;13,56;53,76;53,7;3,19;13,04;66,96;31,38;67,14;71,52;13,56;76;75;66;41;47;45;61;66;67;66;68;69;71;60,5;71,5;73;76,5;74,5;72,5;73;75;73;71,5;72,5
"182";310,9399345;453,311097416728;4,42;3,75;4,58;3,7;1,94;2,24;0,23;5,14;-0,4;-4,83;-4,32;0,58;4,42;10,26;12,1;43;42,84;6,16;11,68;59,64;28,8;59,4;61,2;11,52;77;76;69;40;47;44;59;65;67;65;68;68;73;60,5;72;73,5;76,5;74,5;72,5;72,5;75;73;71;72
"183";70,15435773;113,721755134155;2,47;1,97;3,5;5,8;3,72;3,04;-0,27;6,99;0,5;-4,21;-4,54;-1,27;5,94;2,47;3,94;25,6;41,76;6,96;3,88;28,16;22,48;26,2;23,32;-0,179999999999999;71;73;67;39;43;38;56;62;64;62;64;63;69;54,5;67,5;68;70;68;67;66,5;69,5;67,5;66;66
"184";169,9644971;230,201565382553;4,25;3,59;4,57;3,64;1,89;2,14;0,06;5,12;-0,42;-4,84;-4,25;0,79;4,25;9,75;11,25;42,2;42,12;5,6;11;59,28;28,32;57,96;59,28;10,5;75;74;68;40;47;44;60;66;67;66;68;68;71,5;59,5;71;72,5;75,5;73,5;71,5;71,5;74;72;70;71
"185";165,9074661;228,976438585231;4,79;3,84;5,07;3,25;1,76;2,12;0,28;4,88;-0,48;-4,96;-4,1;1,73;4,79;11,37;13,74;54,6;54,65;3,3;13,16;69,6;31,8;68,4;73,2;13,74;76;76;67;41;47;46;61;66;67;66;69;69;71,5;61;71,5;73;77;74,5;72,5;73;75;73;71,5;72,5
"186";428,0911564;532,087446212855;-2,7;3,21;6,14;3,09;1,3;3,01;2,49;2,87;1,5;2,46;4,93;0,7;11,7;-1,2;-3,5;-3,32;6,3;-10,36;-4,8;4,06;-2,33;-3,99;4,69;2,1;62;61;76;66;67;40;41;39;54;62;65;64;69;51;58;65;65,5;64,5;63;65,5;65;65;65,5;63,5
"187";216,9263345;299,781645166534;-1,41;-1,14;-4,9;5,78;11,55;3,42;4,96;4,52;0,63;3,48;-0,41;1,95;-11,64;2,95;-1,23;-8,52;11,4;-0,04;0,36;-6,18;-13,31;-22,26;-21,68;0,36;62;64;65;68;75;72;64;60;52;60;60;63;63,5;67;57;61,5;63;58,5;62,5;56,5;61;57;58,5;59,5
"188";255,7001978;455,792875183126;1,2;3,05;3,57;2,58;4,85;2,83;3,8;1,61;7,29;10,42;-0,78;-2,88;6,6;3,4;29,4;6,28;28,28;41,2;-4;-16,5;4,92;4,28;-6,88;-12,6;61;71;69;66;47;43;40;56;64;65;64;66;65;52;62,5;65,5;65;68;63,5;64;65;66;63,5;61,5
"189";104,3064229;234,353924887374;5,46;4,86;3,31;2,14;3,39;2,52;2,53;2,02;3,67;-0,73;-2,58;-4,06;13,38;13,38;9,92;6,05;20,94;39,68;9,6;-1,34;-0,58;-0,58;-2,58;15,68;60;74;70;67;35;40;38;54;61;64;63;64;65;50;60,5;65;65;68;62;62,5;64;65;62;60
"190";143,2071827;204,69933976723;2,57;1,85;2,77;5,08;3,2;3,03;0,28;5,73;0,66;-3,68;-4,76;-1,91;2,57;2,57;4,14;25,45;31;3,22;2,85;25,63;13,18;25,9;22,99;0,419999999999999;70;70;65;36;39;35;53;60;63;61;63;62;67,5;52,5;66,5;67;69;66,5;66;65,5;68,5;66;65;65
"191";98,95577083;184,487416075077;2,12;1,83;3,31;6;4,08;3,31;0,22;8,65;1,2;-3,37;-4,29;-0,59;5,24;5,24;2,12;26,4;44,34;7,02;3,36;30,36;17,7;24;20,9;-2,28;68;70;65;37;39;34;53;61;64;61;63;61;66,5;51;66;66,5;68,5;66;64,5;64,5;68,5;66;64,5;63,5
"192";52,87205075;135,38404721976;2,43;2,03;3,79;6,29;3,97;3,03;-0,44;7,61;0,76;-4,35;-4,44;-0,9;5,86;2,43;3,86;25,5;44,94;7,44;3,72;28,05;22,4;27,9;23,1;-0,419999999999999;70;72;67;39;44;37;55;62;64;61;63;62;68,5;53,5;67;68;69,5;67;66;66;69,5;67;65,5;65
"193";340,5195103;426,423162131947;4,77;3,83;4,52;3,07;1,85;2,07;0,55;4,48;-1,62;-5,15;-4,39;0,91;4,77;11,31;12,39;51,18;43,52;5,48;13,08;60,94;30,09;63,27;66,36;13,85;75;74;66;38;44;42;59;64;66;64;66;68;70,5;58,5;70,5;72;75;73;71,5;71,5;73,5;71,5;70;71
"194";158,1384036;216,890325157181;5;4,07;4,91;2,83;2,03;2,09;0,66;4,12;-2,02;-5,63;-4,69;1,68;5;12;12;61,25;54,05;3,04;14;63,47;41;69,75;75;15;74;73;63;37;44;42;59;63;64;64;65;67;68,5;58;69;71;74,5;73;70,5;71,5;73;71,5;70;71
"195";138,099975;196,499468762532;3,37;2,81;3,62;4,78;2,54;2,54;-0,15;4,5;-0,29;-4,56;-4,75;-1,55;3,37;3,37;7,48;27,52;35,52;8,7;6,85;38,61;15,76;38,8;37,18;5,22;75;76;71;39;45;41;57;62;66;63;65;66;73;58;70,5;71;73,5;71,5;70,5;70;72,5;70;68,5;69,5
"196";140,0102861;193,060089529402;3,95;3,45;4,06;4,14;2,19;2,4;0,24;4,8;-0,53;-4,63;-4,67;-0,77;3,95;6,9;9,75;31,96;39,52;9,16;9,75;47,76;17,98;49,9;47,88;8,7;75;75;69;38;44;41;57;63;66;63;66;66;72;58;70,5;71,5;74,5;72;70,5;70,5;73;70,5;69;70
"197";124,0313859;186,141661303954;2,34;1,84;3,24;5,49;3,26;2,96;-0,36;5,99;0,27;-4,42;-4,71;-1,72;2,34;2,34;4,02;24,55;36,5;5,76;1,7;27,06;17,73;24,1;21,01;-0,960000000000001;71;72;67;38;42;37;55;61;65;61;64;62;69;54;68;68;70;67;66,5;66;69,5;67;65,5;65,5
"198";116,752253;203,328376535263;2,21;1,79;3,21;5,52;3,33;2,94;-0,41;6,04;0,28;-4,34;-4,84;-1,68;5,42;2,21;3,42;23,7;36,1;5,34;2,84;26,18;17,22;22,4;19,14;-1,74;70;72;66;38;42;36;54;61;64;61;63;62;68;53;67;67;69,5;67;66;65,5;69;66,5;65;65
"199";225,3032313;283,620216380068;2,93;2,31;3,51;5,2;2,9;2,71;-0,41;4,95;-0,1;-4,61;-4,8;-1,67;2,93;2,93;5,72;28,95;39,75;7,08;4,65;30,96;20,37;32,9;30,69;2,58;73;75;70;39;45;40;56;62;65;62;65;64;71,5;56,5;69;69,5;71,5;69;68,5;68;71;68,5;67;67,5
"200";103,266097;244,444062386658;2,67;2,07;3,66;5,81;3,49;2,93;-0,53;6,38;0,46;-4,51;-4,64;-1,34;2,67;2,67;5,01;27,05;42,6;7,62;3,35;29,92;23,64;29,1;26,51;1,02;71;73;68;39;44;39;56;62;65;62;64;63;69,5;55;68;68,5;70,5;68;67;66,5;70;67,5;66;66
"201";322,2745953;402,363365752878;4,14;3,62;4,65;3,99;1,99;2,25;-0,05;5,06;-0,1;-4,87;-4,4;0,52;4,14;7,28;10,7;40,9;49,15;5,94;10,56;56,28;27,54;55,62;56,16;9,84;76;76;70;42;48;45;60;66;67;65;68;68;73;60,5;71,5;73;76;74;72;72;74,5;72,5;70,5;71,5
"202";155,6317738;204,973914814694;4,79;3,96;5,79;2,9;1,8;2,07;0,12;3,94;-0,83;-5,32;-4,41;2,4;10,58;11,37;13,74;67,6;54,6;2,85;11,37;71,52;41,8;71,55;77,35;13,74;75;75;65;41;48;46;62;66;67;66;68;68;70;60,5;71;72,5;76;74;71,5;72,5;74;72,5;71;72
"203";352,8094107;429,944171131336;4,78;3,92;5,8;2,93;1,79;2,09;0,06;4,02;-0,71;-5,29;-4,37;2,4;10,56;11,34;13,68;67,52;54,7;2,87;11,34;72;41,76;71,46;77,22;13,68;75;75;65;41;48;46;61;66;67;66;68;68;70;60,5;71;72,5;76;74;71,5;72,5;74;72,5;71;72
"204";122,3991859;179,373816678661;3,19;2,37;3,71;5,56;3,28;2,96;-0,29;6,31;0,52;-4,5;-4,45;-0,87;3,19;3,19;6,57;31,55;47,7;9,78;5,95;34,8;27,24;38,1;36,41;4,14;75;77;73;43;48;42;59;64;66;63;66;66;74;58,5;70,5;72;74;71;70,5;70;73,5;71;69,5;69,5
"205";316,8078142;375,362085120111;4,9;3,95;6,05;2,92;1,76;2,09;-0,07;3,93;-0,43;-5,32;-4,3;2,85;10,8;11,7;14,4;70,72;56,2;6,84;11,7;76,31;43,36;75,06;82,42;14,4;76;76;66;43;50;48;63;67;67;67;69;69;71;62;71,5;74;77;75,5;72,5;74,5;75,5;74,5;73;73,5
"206";161,2720618;197,412615286421;4,9;3,97;5,98;2,96;1,76;2,08;-0,05;3,99;-0,36;-5,28;-4,27;2,88;10,8;11,7;14,4;70,72;56,4;6,94;11,7;76,7;43,36;75,06;82,42;14,4;76;76;67;44;50;48;63;67;68;67;70;70;71,5;62;72;74;78;76;73;74,5;76;74,5;73;73,5
"207";83,44472702;148,149940207363;0,84;6,3;4,13;2,49;4,73;2,12;2,67;1,25;2,08;7,22;-0,91;0,12;9,36;2,68;2,68;17,6;11,34;7,26;0,84;4,83;19,2;20,4;20,3;0,68;67;78;66;61;54;45;45;60;62;68;67;70;66,5;56;64,5;71,5;70;71,5;68,5;71;70;71,5;70,5;68
"208";163,66605;251,71258513058;2,31;1,8;2,54;5,19;3,46;3,32;0,9;7,13;2,4;-2,56;-4,45;-0,87;2,31;5,62;2,31;23,55;32,08;2,45;3,24;25,63;6,71;22,1;22,1;-1,14;68;68;63;35;37;33;52;60;63;60;62;61;65,5;50,5;65,5;65,5;67,5;65;64,5;64;67,5;65;64;63,5
"209";233,9060611;357,596992019349;2,13;2,16;3,06;5,59;3,51;3,26;1,29;8,75;5,73;-1,58;-3,83;1,86;2,13;5,26;14,52;20,68;36,44;6,35;2,13;38,06;6,67;25,36;24,03;2,52;67;68;64;38;39;33;53;61;62;60;62;60;65,5;50;64,5;65,5;67;64,5;63,5;64,5;67,5;65;64,5;63,5
"210";98,34771906;149,698779500656;2,71;1,82;2,47;4,83;3,14;3,07;0,61;5,54;1,19;-3,17;-4,72;-1,96;2,71;2,71;4,42;25,95;24,72;3,22;3,55;24,64;7,19;24,09;24,09;-2,03;70;69;64;35;38;35;53;60;63;61;63;61;67;52,5;66,5;66,5;69;66,5;65,5;65,5;68,5;66;65;65
"211";110,6667843;173,881019136706;2,61;1,79;2,51;4,84;3,13;3,04;0,48;5,46;1;-3,37;-4,79;-2,01;2,61;2,61;4,22;25,25;24,39;2,73;3,05;23,98;7,05;25,5;22,55;-2,73;70;69;64;35;38;35;52;60;63;61;63;61;67;52,5;66,5;66,5;68,5;66,5;65,5;65,5;68;65,5;64,5;65
"212";229,243388;332,451345838268;2,07;2,28;3,11;5,49;3,46;3,28;1,49;8,86;6,54;-1,39;-3,75;2,27;5,14;5,14;20,35;16,5;28,62;5,7;2,07;38,17;14;24;22,5;2,28;67;68;64;39;39;34;53;61;62;60;62;61;65,5;50,5;64,5;65,5;67;65;64;64,5;67,5;65,5;64,5;63,5
"213";283,3394978;390,273288822384;2,29;1,7;2,57;5,17;3,48;3,25;0,56;6,58;1,53;-2,97;-4,6;-1,41;2,29;2,29;2,29;23,55;31,2;2,45;3,16;23,98;12,42;22,1;18,81;-1,26;69;69;63;35;37;34;52;60;63;61;63;61;66;51,5;66;66;67,5;65,5;65;64,5;67,5;65;64;64
"214";137,2827621;217,018378346044;2,26;1,69;2,62;5,1;3,32;3,13;0,36;6,19;1,08;-3,37;-4,72;-1,65;2,26;2,26;3,52;23,25;30,52;1,96;3,04;23,32;12,3;21,5;18,15;-1,44;69;69;63;35;38;34;52;60;63;60;63;61;66;51,5;66;66;68;66;65;64,5;67,5;65,5;64;64
"215";85,13440681;144,8713742819;4,33;3,53;3,67;3,78;2,19;2,35;0,87;4,3;-0,77;-4,44;-4,59;-1,15;4,33;7,66;10,98;32,04;30,06;9,1;10,98;46,31;9,51;50,1;49,61;10,98;75;74;67;35;42;40;55;62;65;63;65;66;71;57,5;70;71;74;72;70,5;69,5;72,5;70,5;68,5;69,5
"216";106,1819733;236,730740454035;1,91;2,16;3,23;5,65;3,43;3,11;1,2;9,13;5,96;-1,58;-3,87;2,53;4,82;4,82;19,55;20,08;36,8;5,35;1,91;42,13;6,52;24,16;22,68;1,64;66;68;64;39;40;33;52;61;62;60;62;60;65;49,5;64;65;66,5;64;63;63,5;67,5;65;64;62,5
"217";194,1019767;257,630864824452;5,18;4,11;4,32;2,93;2,21;2,19;1,25;4,3;-2,58;-5,59;-4,61;1,31;5,18;12,54;13,44;51,96;51,75;3,29;14,72;56,5;30,48;64,44;67,76;15,9;73;72;62;35;41;39;57;62;63;62;64;66;67,5;56;68;70;73,5;71,5;69,5;70;72;70;68,5;69,5
"218";325,3620103;409,32068541112;3,18;2,36;2,99;4,59;2,67;2,83;0,29;4,5;-0,35;-4,13;-4,94;-2,3;3,18;3,18;6,72;25,48;25,92;6,66;4,08;31,24;14,74;31,57;31,57;1,26;74;75;68;37;42;38;56;61;64;62;64;64;71;56;69;69,5;72;69,5;69;68;71;68,5;67;68
"219";331,5465199;418,52150833029;5,14;4,07;4,4;2,93;2,19;2,16;1,14;4,21;-2,47;-5,56;-4,72;1,24;5,14;12,42;13,12;52,2;52;3,25;14,56;57,3;30,6;64,8;68,2;15,7;73;72;62;35;41;39;56;62;63;62;63;66;67,5;56;68;69,5;73;71,5;69,5;69,5;71,5;70;68,5;69,5
"220";144,4440487;205,368422036068;2,37;1,78;2,88;5,18;3,21;2,97;-0,02;5,75;0,46;-3,93;-4,83;-1,88;2,37;2,37;3,74;24,3;30,72;2,52;1,85;25,3;12,72;23,6;20,46;-0,779999999999999;70;71;65;36;40;35;53;61;64;61;63;62;67,5;52,5;67;67;69,5;67;66;65,5;69;66,5;65;65
"221";128,9976748;177,766094502741;1,88;2,2;3,32;5,69;3,4;3,1;1,28;9,21;6,17;-1,48;-3,85;2,75;4,76;4,76;19,4;19,84;36,92;6,04;1,88;44,33;13,92;23,68;23,68;1,52;66;68;64;40;40;34;53;61;62;60;62;60;65;50;64;65;66,5;64;63;64,5;67,5;65;64,5;63
"222";149,2642875;195,259356933164;5,05;3,99;4,54;2,89;2,12;2,13;0,98;4,18;-2,34;-5,58;-4,78;1,15;5,05;12,15;12,4;52,62;52,3;3,16;14,2;59,18;39,08;65,43;68,97;15,25;73;72;62;35;41;39;57;62;63;62;64;66;67,5;56;68;69;73;71,5;69,5;69,5;71;69,5;68;69,5
"223";210,5706157;330,299236707722;2,29;1,76;2,84;5,54;3,7;3,32;0,48;7,41;1,21;-3,19;-4,53;-1,27;2,29;5,58;3,58;24,7;38,5;3,99;3,16;27,61;12,88;24,4;21,34;-1,26;69;69;64;36;38;34;53;61;63;61;63;61;66,5;51,5;66;66,5;68,5;66;65;64,5;68,5;66;64,5;64
"224";249,3591543;398,130593840952;-4,42;3,12;4,9;3,86;4,22;3,09;2,02;2,14;0,9;4,39;-1,91;-5,13;0,800000000000001;-7,36;-11,52;-11,84;15,24;7,86;-4,42;-0,87;-10,22;-11,84;-11,76;-11,52;64;63;74;73;65;37;43;41;57;63;65;63;69;50,5;60,5;65;66;64;63,5;66;64,5;64;64,5;64
"225";259,040892;357,991013312676;2,35;1,79;2,86;5,58;3,82;3,41;0,57;7,82;1,41;-3,06;-4,41;-1,13;2,35;5,7;2,35;25,5;39,55;4,76;3,4;29,15;18,3;26;23,1;-0,899999999999999;69;70;64;36;38;34;53;61;64;61;63;61;66,5;51,5;66,5;66,5;68,5;66;65;65,5;68,5;66;65;64,5
"226";260,2236652;475,706370181338;1,89;2,08;3,4;5,8;3,49;3,13;1,06;9,1;5,37;-1,75;-3,9;2,49;4,78;4,78;13,56;20,36;36,8;5,6;1,89;42,57;6,59;24,72;23,31;1,56;66;68;64;39;40;33;52;60;62;59;61;60;65;49,5;64;65;66,5;64;63;63,5;67,5;65;64;62,5
"227";137,7097467;193,891373323645;4,58;3,73;4,09;3,36;1,94;2,15;0,65;4,63;-1,38;-4,88;-4,44;0,09;4,58;10,74;12,48;41,5;32,43;7,41;12,9;55,66;19,6;58;58,3;12,48;75;74;67;38;44;42;57;64;66;64;66;67;71;58,5;70,5;72;75;73,5;71;71,5;73,5;71,5;70;71
"228";154,3767108;219,006211720693;4,97;4,02;4,74;2,81;1,99;2,05;0,7;4,18;-2,11;-5,58;-4,62;1,41;4,97;11,91;11,76;53,88;53,25;3,09;13,88;62,26;39,92;67,32;71,76;14,85;74;73;64;37;44;41;58;63;64;63;65;67;69;57,5;69;71;74,5;72,5;70,5;71;73;71;69,5;70,5
"229";143,4935056;203,570774192179;4,86;3,91;4,85;2,81;2,15;2,08;0,56;3,69;-2,4;-5,83;-4,94;1,53;4,86;11,58;10,88;58,8;51,65;2,82;13,44;57,86;39,6;66,6;70,8;14,3;72;72;61;36;42;40;57;62;63;63;64;65;66,5;56;67,5;69;73;71;68,5;69,5;71;69,5;68;69
"230";228,0298135;393,856258489604;3,39;3,11;1,32;11,59;10,49;4,12;5,37;3,67;1,86;4,74;-0,49;3,44;7,17;3,39;5,78;22,66;18,46;4,9;3,39;5,04;30,72;-2,94;9,54;13,17;63;63;65;68;74;67;60;56;41;49;53;62;64;65;52;59,5;62;57,5;62,5;57;58,5;55;57;60
"231";80,66807217;218,86084348633;5,84;0,32;-2,29;8,07;8,11;4,31;5,88;4,55;2,13;5,7;-1,37;1,29;16,56;10,68;17,36;40,8;40,15;-2,52;19,2;1,72;50,7;-2,1;-0,5;17,36;66;66;67;69;74;72;61;58;41;53;57;65;66,5;69;53,5;64,5;65,5;59,5;65,5;60;62,5;58,5;60,5;62,5
"232";323,6586099;392,162264429739;-0,84;1,18;-4,59;7,54;12,17;3,69;5,15;4,2;0,84;3,87;-0,46;2,12;-9,36;5,8;-0,68;-13,44;10,85;0,63;0,48;-3,36;-13,44;-24,72;-23,58;2,64;63;65;65;69;76;71;63;58;50;59;59;62;64;67;56,5;61;63,5;58;62,5;56,5;60,5;56;58;60
"233";256,6058134;390,106770505537;-1,07;-0,64;-3,73;5,52;11,74;3,5;5,02;4,55;1,16;4,63;0,5;3,07;-6,21;4,65;-0,21;13,28;20,46;-0,0600000000000001;4,65;-5,16;-2,38;-25,02;-24,03;1,72;62;63;63;66;74;69;59;56;45;53;56;62;62,5;65,5;53,5;59,5;61,5;56;62;55;59;54,5;56,5;58,5
"234";328,7126485;454,393578050916;1,85;-5,43;-4,49;13,87;11,2;2,2;3,95;2,78;1,61;3,54;-1,17;3,64;-8,05;1,85;1,85;16,12;15,08;-2,01;4,7;-1,82;2,64;-11,28;-11,28;1,4;60;61;60;66;72;70;61;57;42;48;52;60;60;65;51;58,5;59;53,5;60;53,5;56,5;52,5;54;56
"235";362,2059044;453,833503237781;4,01;3,49;3,98;3,99;2,13;2,37;0,32;4,59;-0,7;-4,7;-4,76;-0,89;4,01;7,02;10,05;31,76;30,66;8,96;10,05;47,96;17,88;49,4;48,84;9,06;75;75;69;37;44;41;56;63;66;63;65;66;72;58;70,5;71;74,5;72;70,5;70,5;73;70,5;69;70
"236";126,8846641;191,01927689352;2,45;1,85;2,9;5,09;3,08;2,91;-0,05;5,35;0,28;-3,99;-4,87;-2,07;2,45;2,45;4,35;24,45;30,24;2,45;2,25;24,86;12,78;23,9;20,79;-0,299999999999999;70;71;66;36;40;36;53;61;64;61;63;62;68;53;67;66,5;69,5;67;66;65,5;68,5;66;64,5;65
"237";205,1674208;460,513975479856;0,94;0,48;4,43;4,22;3,12;2,64;1,02;1,89;1,96;3,37;1,85;4,44;9,76;2,88;2,88;6,09;3,72;-0,61;9,76;1,78;15,27;21,63;21,63;0,88;66;65;73;73;66;55;40;49;57;63;63;68;69,5;60,5;61,5;68,5;68;66;67;66,5;66,5;66;66;65,5
"238";253,3158635;359,500762107881;-2,49;3,61;5,76;3,45;1,65;3,1;2,65;2,9;2,37;3,05;0,85;-0,54;13,59;0,0599999999999987;-2,45;-4,6;6,5;-0,52;-3,98;8,76;-5,76;-4,84;4,64;8,08;62;61;75;69;67;39;40;39;54;61;64;64;68,5;50,5;58;64,5;65,5;64;63;65,5;64,5;64,5;65;63,5
"239";95,60007978;140,321944161953;4,19;2,47;1,6;3,63;2,6;2,72;1,41;3,5;1,21;-2,12;-4,19;-1,6;9,57;7,38;9,57;13,68;8,36;6,9;10,14;24,93;15,68;28,4;28,4;8,33;74;69;66;34;38;37;53;60;64;62;64;64;70;55,5;69;68;71;69;69;67;70;67,5;66,5;68,5
"240";93,96305243;137,60068123847;3,37;1,89;1,71;4,11;2,85;2,99;1,16;4,17;2,11;-2,23;-4,47;-1,84;5,74;3,37;5,74;18,09;8,58;3,22;5,22;20,9;7,03;25,3;22,33;2,59;71;67;63;34;36;35;52;59;61;60;62;61;67;53;66;66;69;66,5;66;65;68;65,5;64,5;65,5
"241";92,11361295;160,144471160632;3,39;1,93;1,76;4,24;2,98;3,08;1,24;4,5;2,35;-2,14;-4,43;-1,66;5,78;3,39;5,78;18,45;8,79;3,78;5,34;22;7,15;26,5;23,65;2,73;71;67;63;34;35;34;51;59;61;60;62;61;67;52,5;66;66;68,5;66;66;65;68;65,5;64,5;65,5
"242";136,9552784;208,24212521962;3,39;1,95;1,85;4,3;3,04;3,13;1,2;4,84;2,54;-2,08;-4,37;-1,59;5,78;3,39;3,39;23,56;17,28;4,62;6,95;24,4;7,39;26,29;26,29;2,73;71;68;63;34;36;35;52;59;62;60;62;61;67;53;66,5;66,5;69;66,5;66;65;68,5;66;65;65,5
"243";407,7668074;538,257798668006;-2,42;-2,43;4,25;2,94;1,85;4,29;2,03;3,01;0,76;4,37;7,5;-2,01;4,06;4,06;-3,68;-1,82;17,22;-15,72;-2,42;9,21;-0,41;-17,46;12,54;8,64;69;68;76;73;73;56;55;52;63;70;74;69;72,5;62,5;66;71,5;70,5;69;69;71,5;70,5;70,5;71,5;69,5
"244";290,1063936;509,597824819583;1;0,21;4,73;3,97;2,97;2,43;1,05;1,72;1,55;2,74;2,3;4,63;10;3;1;6,89;2,87;-0,72;10;0,38;24,45;27,12;27,12;1;66;65;74;74;67;55;40;50;57;63;63;69;70;60,5;61,5;69;68,5;66;67,5;67,5;67,5;66,5;67;66
"245";260,9897792;480,42584195037;-0,93;-0,49;1,29;1,23;2,02;1,67;0,18;-0,19;6,76;3,17;5,44;-2,1;0,21;0,21;20,56;31,1;-10,74;4,5;-2,86;-2,57;24,08;35,42;35,42;-2,86;61;67;70;64;58;44;59;57;64;70;66;67;65,5;52,5;62,5;69,5;66;67,5;64;65,5;68;68;67;62,5
"246";141,3327067;360,012526733316;-1,52;-2,59;2,94;1,78;5,87;2,42;2,73;1,49;1,3;-0,33;-3,11;0,3;2,4;-0,0800000000000001;-1,56;-0,18;52,24;-0,34;-2,04;4,32;53,02;-0,18;-10,9;-7,56;65;64;64;70;70;62;52;51;49;60;60;65;64,5;63,5;57;66;67,5;63,5;65;62;66,5;64,5;63;61,5
"247";224,4226005;466,038019913362;2,29;4,65;7,2;3,24;2,69;4,96;2,04;2,64;2,79;3,22;2,6;1,92;21,45;9,87;2,29;8,28;5,61;11;2,29;-4,68;9,04;8,52;6,52;2,29;63;68;67;73;71;72;62;54;50;45;57;58;65;67,5;56,5;63;61,5;63,5;60,5;60,5;62;63,5;63;62,5
"248";280,1719188;389,711164667993;3,09;2,61;5,2;2,16;2,77;2,94;3,5;2,42;2,59;4,63;6,84;4;12,27;3,09;3,09;-2,02;2,14;19,67;3,09;1,64;-2,08;-3,04;-3,06;6,27;73;71;72;63;55;52;46;58;59;65;70;70;72,5;62,5;66;67;69;68;71,5;68,5;68;66,5;68,5;71,5
"249";257,9065109;460,460671962945;1,49;6,46;5,9;3,73;1,67;5,97;1,98;3,13;3,1;4,46;1,89;4,4;17,45;17,45;3,98;12,48;4,1;6,34;7,47;-0,879999999999999;5,16;5,16;5,16;7,47;66;69;68;74;71;69;67;56;56;51;60;62;67;67,5;61;66;64;65;64;62,5;65;66;66;65
"250";142,6382041;267,974185967546;2,83;6,82;6,87;3,28;1,11;5,77;1,93;2,71;3,04;3,18;0,9;5,5;24,15;11,49;2,83;11,92;9,42;25,36;11,49;-11,88;9,96;4,48;7,96;2,83;65;67;67;71;69;68;65;52;55;50;59;61;66;66,5;60;63;62,5;63,5;63;62;63,5;64;64,5;64,5
"251";256,6809363;457,657083721748;4,76;-4,67;11,22;1,82;8,32;3,81;2,55;2,15;3,85;4,99;3,26;-0,22;54,32;4,76;4,76;75,6;2,37;10,78;13,8;-8;-0,3;-10,4;-1,1;13,8;66;65;71;70;61;56;50;45;42;60;58;65;68,5;61;54;68,5;64,5;61,5;65,5;63;67;64,5;67,5;65
"252";59,95725144;113,523415492601;-2,06;4,9;2,63;2,36;-3,73;9,64;0,76;4,54;2;2,53;3,71;7,95;-0,3;41,28;-0,3;1,38;3,04;10,62;32,34;-4,84;3,76;11,52;1,38;-3,18;53;61;67;63;64;66;61;62;65;45;50;53;60;59,5;59;55;55,5;57,5;53;51,5;57,5;61;54;50
"253";177,4170535;421,686262873947;-1,56;0,21;3,83;3,45;2,46;2,36;1,03;1,06;1,08;3,58;3,13;4,54;5,64;-0,24;-1,68;14,84;4,32;-0,78;10,08;-0,76;25,68;34,2;34,2;-1,56;65;64;72;74;67;55;42;53;58;63;65;69;68,5;60;61,5;69;69,5;66;67;67;68;66,5;66,5;65
"254";486,6469668;603,239474788928;1,1;0,29;4,73;3,99;2,97;2,42;1,04;1,69;1,55;2,93;2,39;4,78;10,4;3,2;1,1;7,35;3,18;-0,26;10,4;0,8;26,75;30,15;30,15;1,2;66;65;74;74;67;55;40;50;57;63;63;69;70;60,5;61,5;69;69;67;67,5;67,5;67,5;67;67;66
"255";426,3665376;580,326676514955;0,99;0,48;4,5;4,23;3,13;2,61;1,03;1,89;2;3,37;1,92;4,44;9,96;2,98;2,98;6,19;3,72;-0,55;9,96;1,8;15,57;22,33;22,33;0,98;66;65;73;73;66;55;40;49;57;63;63;68;69,5;60,5;61,5;68,5;68;66;67;67;66,5;66;66;65,5
"256";196,8212812;368,484435678369;-1,64;-0,05;3,72;3,29;2,45;2,39;1,02;0,96;0,81;3,16;2,97;4,18;5,16;1,8;-1,92;20,76;4,07;-1,48;5,16;-1,56;25,68;34,2;34,2;-1,64;65;64;72;74;67;56;42;53;58;63;64;69;68,5;60,5;61,5;69;69,5;66;67;67;68;66,5;66,5;65
"257";318,6868802;571,460369231701;0,11;0,92;3,88;4,06;3,1;2,72;0,98;1,81;2,18;4,75;1,32;5,38;6,44;3,33;3,33;6,34;5;-2,91;15,66;4,48;11,68;23,04;22,72;0,11;66;66;72;75;67;57;41;50;57;63;65;68;69;61,5;61,5;69;69;66;67;67;67;66;66;65,5
"258";267,866008;398,825322118923;-0,03;0,93;3,61;4,04;3,04;2,79;0,97;1,89;1,98;4,79;0,9;5,26;5,88;2,91;2,91;5,73;5,15;-3;14,82;4,88;5,73;19,38;19,11;-0,03;66;66;72;75;67;57;41;50;57;64;65;69;69;61,5;61,5;69,5;69,5;67;67,5;67;67,5;66,5;66;65,5
"259";241,8695691;390,113252222374;-0,51;0,79;3,41;3,79;2,96;2,68;0,94;1,62;1,89;5,15;1,11;5,77;3,96;3,96;1,47;5,84;5,2;-5,2;17,43;4,3;5,84;19,2;18,72;-0,51;66;66;72;75;67;57;42;51;58;64;66;69;69;61,5;62;69,5;69,5;66,5;67,5;66,5;67,5;66,5;65,5;65
"260";117,341935;269,258223512396;-1,35;1,82;1,29;3,68;2,58;1,77;0,72;1,76;-0,46;0,83;-0,06;4,21;-1,05;0,6;-1,35;-1,62;14,84;-8,9;6,9;2,94;0,76;-0,93;-1,62;-1,7;62;61;68;70;61;52;37;43;52;60;63;65;65;57;57;67,5;67;63,5;63,5;63,5;64,5;64;62,5;61,5
"261";319,9812604;478,366735912047;-3,31;-2,7;2,74;1,44;3,29;2,62;0,97;0,53;1,31;-1,17;0,56;2,62;-2,17;-4,86;-6,55;11,44;47,19;2,58;-4,86;-1,3;41,16;10,08;-1,4;-7,62;61;59;58;67;68;56;48;38;42;52;58;61;59,5;58,5;51,5;62,5;65;61,5;61;57,5;62,5;61,5;58,5;57,5
"262";316,7417261;469,175623144133;-3,47;-3,49;-3,1;-0,06;3,14;3,5;2,54;1,38;0,55;1,06;-1,22;2,65;-3,47;-3,29;-7,35;19,35;27,58;48,6;-3,29;2,63;26,22;75,57;4,74;-3,29;58;62;60;59;68;70;61;50;36;44;53;60;59;64;47;61;62;59,5;59;61,5;62;60;62,5;59,5
"263";384,50905;509,250992434945;-3,08;-0,08;1,71;2,58;2,02;2,2;1,53;0,43;1,42;7,09;2,99;9,49;-5,4;-3,48;-5,4;4,24;11,66;-20,23;37,96;-14,84;15,72;10,96;-2,6;-12,24;66;66;72;75;67;59;48;59;60;66;70;69;69;62,5;63;70;71;67,5;67,5;67,5;70;68,5;67,5;65,5
"264";388,9100217;533,170282253535;-1,98;4,34;2,02;5,64;2,64;2,46;1,27;1,4;-0,35;-2,43;1,58;1,35;0,1;0,1;-2,96;1,6;11,72;12,65;-1,92;-9,72;-1,2;19,2;-10,4;-8,94;64;65;71;71;60;51;50;48;60;62;66;68;67,5;57,5;62;69;68,5;64,5;66;64;67;66,5;64,5;63
"265";346,1554387;425,389256604485;9,35;2,77;2,24;3,89;1,47;1,76;5,75;-0,03;0,17;-4,9;-5,72;-0,75;46,8;46,8;48,5;25,52;-1,17;3,51;47,85;10,15;-1,62;4,76;-1,62;46,2;73;70;66;53;49;51;63;64;67;66;63;63;69,5;62;70;70;67;74,5;68;69,5;68;69,5;68,5;70,5
"266";395,7055674;564,233986327265;1,44;-1,39;1,51;2,48;1,57;2,5;1,88;3,55;-0,2;-0,18;5,94;-2,28;1,44;3,88;1,88;-9,6;9,87;14,8;-0,24;4,72;14,7;20,8;14,7;11,76;63;63;72;70;60;57;49;55;57;60;64;61;67,5;60;60;65,5;67;68,5;62;68,5;67,5;67,5;66,5;65
"267";333,4603894;542,466203286705;1,37;-1,37;1,51;2,52;1,6;2,51;1,85;3,6;-0,2;-0,09;6,14;-2,33;1,37;3,74;1,74;-9,28;9,45;15,02;-0,52;4,88;15,26;21,44;15,26;11,48;64;63;73;70;60;58;50;56;57;60;64;62;68,5;61;60,5;65,5;67;69;63;69,5;67,5;68;67;66
"268";447,4109773;529,873026206544;8,47;0,16;-1,83;3,09;5,14;2,05;5,65;0,94;3,31;3,18;8,64;0,21;38,17;38,29;35,82;-3,8;-7,91;10,55;40,23;55,32;-5,6;-9,2;48;28,41;62;61;60;67;61;56;53;36;45;52;57;58;61;59;53,5;55,5;60,5;61,5;60;63,5;59;59;59;61,5
"269";247,0250696;378,873984873854;1,73;-0,52;1,26;2,57;1,68;2,47;1,98;3,65;-0,29;0,1;6,26;-2;1,73;1,73;2,19;-10;15,52;15,06;0,92;5,09;14;20;14;18,65;63;63;72;69;60;57;49;55;57;60;64;61;67,5;60;60;64,5;66;68;62;68,5;66,5;67;66;65
"270";327,5962966;558,536566780885;-1,99;-1,65;6,75;2,87;2,59;2,4;2,03;3,35;3,03;0,31;0,37;-4,86;18,09;0,0499999999999998;3,06;22,32;12,62;17,52;-8,97;-11,88;15,84;22,32;-1,56;-1,96;65;66;79;70;65;57;53;47;59;60;63;65;72;61;62;66,5;68,5;69;65;65,5;67,5;66,5;65;65
"271";238,0543785;335,803806782741;-2,57;-3,17;-5,35;-4,69;9,33;2,67;2,17;3,91;1,39;1,65;6,01;0,29;-10,71;-0,419999999999999;-4,28;25,76;13,68;1,2;-4,71;5,52;19,08;0,68;8,72;7,44;61;62;60;57;72;69;64;51;48;51;63;63;60,5;65;54,5;65;66;61,5;62;63;64;62;64,5;62
"272";320,5635906;471,18223138395;-1,72;-0,37;6,09;3,32;3,95;4,46;5,04;3,1;3,21;-1,64;-0,44;-0,91;14,24;8,96;1,4;9,42;-4,16;5,48;-1,72;-1,56;-0,93;0,21;5,35;1,4;65;66;79;75;55;53;44;37;46;58;59;66;72;59;55,5;66;69,5;69;65,5;65;68,5;66;65;65,5
"273";384,9963157;497,355859686898;-2,19;7,13;2,29;2,44;2,51;1,95;2,86;3,76;-1,3;-0,46;-5,24;-2,52;-0,95;-0,95;-2,19;6,4;10,48;-8,84;-2,19;1,96;10,68;-13,6;-0,44;-2,76;65;77;72;66;58;53;49;61;61;65;66;65;68,5;59;63;67;72;67;65;69;68;65,5;67;67
"274";181,2164894;331,703552375157;-3,05;-0,07;3,07;3,17;2,16;2,28;1,11;0,7;0,94;4,4;3,69;4,56;-0,349999999999999;-3,3;-6,2;13,2;4,82;-4,52;3,6;-1,16;13,2;27,9;26;-3,05;64;64;71;73;65;56;42;54;58;63;65;69;67,5;60;61;68,5;69;65,5;66,5;66;68;66;66;64
"275";237,4264322;355,619702214294;-0,51;3,84;4,37;-0,47;2,26;6,77;3,64;3,62;3,35;3,48;3,58;2,93;7,45;23,92;3,96;15,64;-6;-1,72;3,96;32,22;17,05;17,05;19,23;31,41;62;67;65;67;68;73;64;44;48;40;58;66;63,5;67,5;55;64,5;62;62,5;64;65,5;64,5;65,5;66,5;63,5
"276";308,4944563;446,926967884712;-4,35;0,98;0,09;0,83;1,96;4,62;3;2,54;1,59;3,15;2,65;-0,23;-11,75;-3,15;-11,1;5,64;-4,89;16,44;-11,75;7,36;5,64;2,91;6,82;-3,15;61;67;69;71;74;77;60;46;51;37;52;60;65;69;56;60;61;61,5;60,5;62,5;61,5;61;63;62
"277";183,7199404;306,837555328388;2,83;-2,56;2,19;2,07;-1,34;1,8;5,22;3,86;3,47;3,59;3,44;3,36;2,83;4,66;2,83;3,38;-0,22;5,04;2,83;-0,34;1,38;6,57;1,19;5,49;58;61;67;67;69;71;75;64;45;50;40;57;62,5;64,5;51,5;60,5;59,5;61,5;57,5;60,5;61,5;63;62;58,5
"278";326,3104514;461,988886895126;-4,34;0,69;0,4;0,59;1,89;4,41;3,07;2,56;1,87;3,23;2,8;-0,29;-11,7;-3,06;-9,38;7,24;-4,38;18,8;-11,7;6,76;7,24;5,62;3,31;-3,06;61;67;69;71;74;77;60;46;52;37;53;60;65;69;56,5;60,5;61;61,5;60,5;62,5;62;61,5;63,5;62
"279";364,8963064;500,816597590369;1,4;-0,46;1,77;5,57;3,63;3,16;3,38;3,81;3,31;0,7;5,23;-1,72;1,4;3,8;3,8;-2,56;-2;-14,72;-0,4;14,63;-1,78;-18,9;19,98;23,4;68;71;74;76;63;47;53;41;56;64;66;66;71;57,5;62;66,5;63,5;65,5;67;67;65;66,5;68;68,5
"280";383,8761363;538,129670176884;6,14;-2,17;-1,43;0,63;4,88;7,9;4,39;3,3;5,07;3,2;4,64;5,46;21,12;13,28;11,28;2,4;21,18;57,07;6,14;-3,14;42,3;62,7;-3,2;19,26;61;62;62;64;70;68;67;45;33;44;54;57;61,5;64,5;47;59,5;57,5;58,5;59;58,5;56,5;60;58,5;59
"281";217,8440577;483,427463435261;3,69;-4,17;0,25;-0,23;7,18;6,08;5,84;5,45;5,17;5,06;3,77;0,8;8,76;14,07;8,38;-0,48;12,78;20,09;8,07;-1,12;15,04;15,04;-1,62;7,14;60;63;61;66;69;67;66;43;35;42;52;51;60,5;63,5;47,5;59;60;60;55,5;60;58;58,5;57;58,5
"282";252,016215;376,158478006953;1,1;-1,91;0,97;4,76;1,79;2,41;4,7;1,38;2,3;2,11;-0,46;1,02;1,1;3,2;3,2;-9,28;16,45;-2,8;1,1;19,68;-8,46;-7,92;-9,1;1,1;64;66;67;70;76;76;69;49;41;51;56;57;65,5;70;52,5;61,5;62;61,5;60,5;62,5;60;61;61;62,5
"283";243,7508206;321,15270644792;6,03;0,94;0,18;8,13;3,6;3,45;5,76;2,22;3,2;1,77;-0,77;4,82;21,18;15,09;15,09;2,16;18,3;-3,7;11,06;-0,45;-0,92;0,12;-0,92;21,18;65;66;65;71;73;78;68;52;43;54;55;58;65;71,5;54;64;64,5;62;61,5;63;61,5;61,5;62,5;64
"284";356,6158751;476,300062754178;-1,37;-1,47;-1,66;4,04;3,16;1,95;4,06;1,69;1,93;2,92;0,39;-2,33;-1,37;0,52;0,52;16,16;-3,18;-13,4;-1,37;11,92;-1,96;6,12;10,64;11,41;64;65;68;75;66;54;46;44;49;52;58;61;66;59;56,5;63,5;62;65;62,5;66,5;63,5;65;64,5;64,5
"285";309,5712553;480,116652715329;-1,24;5,53;7,65;7,11;5,97;3,07;2,24;2,2;3,2;0,05;2,04;-2,74;24,84;3,8;3,8;1,26;11,2;12,64;-3,48;-2,75;1,13;15,65;-1,48;-3,48;60;67;68;64;62;56;49;43;52;56;63;65;64;58;56;65;68,5;65,5;62,5;64;65,5;65,5;63;61
"286";465,0168864;550,515517823285;-4,09;5,2;5,5;2;2,06;2,26;3,56;5,74;2,38;0,38;1,1;-2,37;4,1;-7,63;-7,63;-16,44;11,64;0,3;-7,18;-1,69;-2,64;-16,44;-16,2;-9,27;63;70;80;71;58;64;59;51;57;62;65;62;71,5;63,5;60;63;67,5;67;62,5;65;64,5;63;63;64
"287";241,7641366;344,985481485195;-6,78;7,75;4,45;1,68;2,11;2,14;2,35;2,43;2,01;-2,88;-1;0,93;-15,36;-25,02;-25,02;-21,84;2,04;-0,3;-26,24;-3,26;-19,26;-18,56;-21,84;-26,46;64;70;78;72;56;58;57;55;58;63;64;64;71;61;61;63;67;66,5;64;66,5;64;63;63;65
"288";217,9267685;416,290247589352;1,51;-1,1;9,75;7,16;4,09;2,72;3,94;5,23;8,13;6,04;3,15;6,65;49,59;4,02;31,57;-7,2;-7,74;4,4;24,06;0,86;-3,7;-1,6;-8,8;2,02;64;64;67;77;71;56;60;51;43;54;58;63;65,5;60;53,5;61,5;62,5;63,5;63,5;64,5;60,5;61,5;61,5;63
"289";275,8479847;358,978412665099;7,96;4,45;10,97;11,93;5,9;3,84;3,85;0,64;-0,71;8,27;-2,46;-0,31;37,84;29,8;35,64;4,24;0,39;30,3;35,64;-5,1;1,86;0,48;-5,28;29,52;71;74;69;63;59;55;56;63;59;65;66;66;70;63;65;70;69,5;69,5;68,5;68,5;69;67,5;67,5;69
"290";242,9994333;541,543086866605;-2,31;6,27;7,35;3,32;2,34;4,12;6,51;11,51;6,19;3,3;2,08;-2,07;21,9;4,83;15,21;-6,32;9,44;2,76;-2,31;3,6;3,36;-3,48;8,28;15,21;62;66;78;70;53;59;52;44;54;58;61;59;70;60,5;58;61;63,5;66;60,5;63,5;61,5;61,5;62;63,5
"291";119,9151453;217,831338742447;7,41;2,96;2,3;3,62;5,41;9,29;5,01;2,91;1,73;-1,2;-4,3;6,04;29,46;15,82;29,46;7,74;11,49;10,8;13,82;17,57;3,37;5,74;6,85;30,69;79;71;54;61;56;46;56;60;63;61;60;70;66,5;62,5;71;70;72;68,5;74,5;68;70;68,5;66,5;70,5
"292";386,018165;529,573047726312;5,52;5,79;1,77;2,16;2,34;3,53;3,32;2,13;-0,98;0,58;-0,57;-6,49;16,08;10,04;17,64;27,02;25,83;-5,6;-6,24000000000001;2,44;27,02;23,6;24,3;16,08;70;80;72;60;66;62;53;58;62;65;62;61;71;66;66;68,5;70;68;65,5;66;70;68,5;67,5;67
"293";393,3103421;556,248918346889;-7,15;7,68;4,62;1,72;2,06;2,04;2,47;2,86;2,11;-2,91;-1,18;0,27;-19,8;-26,5;-26,5;-21,2;2,54;0,16;-29,2;-2,16;-20,16;-21,2;-22,44;-29,05;64;71;79;71;57;58;58;54;57;63;64;64;71,5;61;60,5;63,5;67,5;66,5;64;66,5;64,5;63;63,5;65
"294";392,538401;547,715068387051;-5,37;6,16;4,14;2,12;1,57;1,61;1,9;4,9;2,19;-2,19;0,22;-3,33;-8,7;-16,59;-14,96;-20,2;3,32;0,53;-13,11;0,24;-21,28;-21,24;-21,24;-16,85;65;71;80;70;57;57;57;54;57;62;64;64;72,5;61;61;64;68;67,5;64,5;65,5;64,5;63,5;63,5;65,5
"295";303,0017971;503,130644661309;-4,79;-4,82;5,69;4,12;2,14;1,58;1,62;2,06;5,19;2,29;-1,66;0,83;2,31;-12,53;-2,9;-8,19;-8,25;4,68;-13,74;-3,24;-3,73;-5,11;-6,46;-11,37;64;66;71;80;70;57;57;58;53;57;62;65;67,5;60,5;58,5;63,5;64,5;66;64,5;64,5;63;64;63,5;63,5
"296";452,8480603;557,954335266163;-5,14;5,39;4,68;1,93;1,82;1,81;2,69;5,02;2,22;-0,91;0,57;-3,38;-6,4;-14,98;-13,12;-19,1;4,38;-0,04;-9,28;-1,9;-16,38;-19,92;-17,28;-14,56;64;70;79;70;58;60;58;52;56;61;64;62;71,5;62;60;63;67;66,5;63;64;64;62,5;62,5;64
"297";152,5219739;226,735500391036;-4,66;-3,51;0,25;2,54;8,13;3,58;5,38;2,89;4,54;4,95;6,03;-0,16;-13,3;-5,94;-1,6;1,38;3,12;0,5;-13,3;34,4;2,73;3,65;6,46;-1,6;61;61;65;64;72;68;56;48;44;49;60;64;63;64,5;52,5;55;61,5;61;62,5;61;59,5;58,5;59;60,5
"298";164,5526192;237,673413465705;-2,71;5,45;2,02;14,35;11,21;2,91;2,72;2,65;2,57;1,09;-0,45;-1,01;-3,55;-1,26;-1,26;-1,95;-0,48;21,42;-4,42;8,36;0,44;40,88;4,22;-1,26;61;65;65;74;79;75;66;54;43;50;55;54;63;68;52;63,5;61;61,5;57,5;63,5;61,5;62,5;65,5;63
"299";368,4575924;515,070288667425;-0,62;2,56;6,82;10,02;1,9;1,55;2,09;1,53;1,85;0,67;-4,47;0,72;23,04;1,14;1,14;-23,94;-5,64;-9,36;-0,24;9,9;-23,94;-16,26;-15,62;6,9;64;67;69;78;71;61;52;46;43;51;54;67;66,5;62,5;53,5;64;64;64;65,5;66,5;63,5;62,5;64;64,5
"300";289,0966625;431,202023804107;-1,32;2,51;5,88;10,81;2,11;1,74;2,11;1,6;2,71;1,23;-4,14;1,02;17,44;0,72;3,4;-11,04;-10,04;-8,43;-0,96;3,02;-11,36;-4,34;-9,38;0,72;64;68;69;77;71;62;52;46;44;49;53;67;66,5;63;54;63,5;62,5;64;65,5;65;62,5;62,5;63;63,5
"301";365,8725141;519,577504708759;-1,12;2,14;6,21;10,27;2;1,73;2,13;1,63;2,49;1,05;-4,27;1,02;19,04;-0,36;1,52;-14,64;-8,19;-8,55;-0,36;3,02;-14,7;-4,94;-11,52;4,4;64;67;69;77;71;62;52;45;43;50;53;67;66,5;63;53,5;63,5;62,5;63,5;65,5;65;62,5;62;63;63,5
"302";259,1133466;465,355503578256;1,3;-1,42;2,13;5,77;11,02;2,08;1,81;2,16;1,55;2,87;1,28;-3,99;1,3;1,3;1,3;0,45;1,16;-0,96;-7,2;-11;1,3;1,15;1,3;1,6;62;63;68;69;77;71;63;52;46;44;49;54;65;66,5;54;64,5;62,5;59,5;58;61;64,5;62,5;64;61
"303";410,8903927;582,62426647199;-0,77;0,63;7,42;8,58;1,78;2,01;2,27;1,79;2,48;1,05;-3,95;1,05;29,07;0,69;2,92;-12,45;-6,96;-6,9;-0,54;2,96;-11,96;-4,49;-7,92;6,15;63;67;69;76;71;64;52;45;43;49;53;67;66;63,5;53;63;61,5;62,5;65;65;61,5;61,5;62,5;63
"304";439,5444705;565,254885494204;-0,66;0,44;7,72;8,58;1,87;2,17;2,34;1,89;2,58;1,34;-3,28;1,16;30,06;1,02;3,36;-7,2;-6,69;-9,68;-0,32;3,82;-7,32;-3,44;0,48;6,7;63;67;70;77;72;66;54;46;44;49;53;67;66,5;64,5;53,5;63,5;62;63;65;65,5;62;62;63;63,5
"305";363,3918532;439,51535138476;-0,65;1,07;7,07;8,84;1,75;1,84;2,13;1,68;2,2;0,83;-4,38;1,01;22,8;1,05;1,05;-18,54;-6,24;-7,86;-0,3;4,74;-17,95;-10,18;-10,9;6,75;63;66;69;76;71;62;51;44;42;50;53;66;66;62,5;52,5;63;62;62,5;64,5;65;61,5;61;62,5;63
"306";279,2907643;535,844738577568;-1,35;10,29;5,27;3,14;2,87;3,44;2,52;1,65;2,57;3,38;-0,19;-0,72;11,55;3,25;0,6;-2,6;-8,44;9,4;-1,35;4,35;-4,8;2,8;-0,600000000000001;0,6;64;69;73;73;60;52;40;39;46;52;60;62;68,5;58;55;60,5;61;64;63;66;62,5;63,5;63;64
"307";471,7993579;529,749151043754;8,91;6,97;1,5;2,04;2,28;1,73;1,46;0,02;-4,01;0,9;-7,29;-7,21;43,28;43,28;37,83;-1,82;15,9;22,32;15,47;-0,96;23,22;23,22;21,33;43,01;70;76;71;65;52;43;42;51;53;66;62;63;70,5;56,5;61,5;64,5;67,5;68,5;66,5;67;67,5;68;67;67,5
"308";421,1678536;513,351766429248;-0,17;1,42;1,35;4,51;3,52;2,75;2,8;2,52;2,04;1,96;0,35;1,09;0,66;2,49;2,49;-1,08;-13,26;-9,52;0,66;-8,43;-0,12;-1,04;-10,16;-6,68;68;68;69;78;67;56;47;45;46;55;59;61;68,5;62;57;66,5;64,5;63,5;64,5;64,5;65;64;63,5;65
"309";222,0798225;339,112705103483;0,63;1,58;1,63;4,08;3,59;2,72;2,58;2,47;1,94;2,08;0,4;0,49;2,26;4,89;2,26;-1,35;-2,25;-11,64;0,63;-4,58;0,2;-1,45;-7,35;-6,85;68;68;69;78;69;59;47;45;47;54;59;62;68,5;63,5;57,5;66;65;63,5;65;64,5;64,5;63,5;63;65
"310";198,8263515;324,098860713643;2,68;3,84;4,38;3,47;2,97;4,09;2,72;2,97;0,88;0,88;0,3;-2,47;6,36;6,36;4,36;27,54;51;11,84;1,08;3,57;27,54;28,42;22,24;6,36;69;75;71;60;44;45;45;52;57;58;63;65;70;57;63;66;63,5;66,5;67;69,5;64;66,5;69;69,5
"311";317,4758238;516,495145920105;0,11;2,68;2,92;2,57;2,68;3,55;2,13;1,88;-0,8;0,34;0,47;-0,03;3,33;6,44;0,11;10,24;0,779999999999995;11,88;0,11;19,14;17,1;37,12;37,12;0,11;67;75;64;58;48;45;47;56;57;60;63;66;65,5;56;62;66;64;67,5;66,5;68;64,5;67,5;68;67
