"";"raster_id";"shape_index";"FWIclass";"julday";"per_fc";"yearf";"feco";"fgener";"fresp";"area";"perimeter";"ftype"
"1";"NIP24_2001_7_rbr";1,611219958;"High";160;85,8633776091082;2001;"Big Trout Lake";"LTG";"SUP";838665,6843;5902,136658;"IFR"
"2";"NIP44_2000_29_rbr";5,504581829;"Moderate";293;97,9030745977386;2000;"Lake Nipigon";"IDF";"SUP";41637270,98;142077,5475;"IFR"
"3";"DRY14_2000_30_rbr";1,729419547;"High";124;89,6732026143791;2000;"Lake Wabigoon";"RWY";"SUP";631075,046;5495,419601;"IFR"
"4";"NIP42_2000_32_rbr";1,091749791;"Low";293;87,8654970760234;2000;"Lake Nipigon";"IDF";"SUP";3337243,234;7977,687854;"IFR"
"5";"NIP26_2001_47_rbr";2,948308094;"High";160;99,137311286844;2001;"Big Trout Lake";"LTG";"SUP";1121539,36;12489,35804;"IFR"
"6";"NIP77_2001_49_rbr";1,25509332;"Low";204;100;2001;"Lake Nipigon";"LTG";"SUP";538035,0566;3682,487628;"IFR"
"7";"FOR1_2000_59_rbr";1,270937068;"Low";70;78,3823529411764;2000;"Agassiz Clay Plain";"UNK";"MON";576163,873;3858,842469;"IFR"
"8";"SLK47_2002_73_rbr";0,887354533;"High";191;100;2002;"Lake St. Joseph";"IDF";"SUP";1325132,763;4085,891777;"IFR"
"9";"DRY10_2002_75_rbr";1,658016579;"Low";151;95,1599946445307;2002;"Lake Wabigoon";"LTG";"SUP";12333004,5;23290,74096;"IFR"
"10";"NIP75_2002_76_rbr";2,992989816;"Extreme";193;98,4074329474104;2002;"Lake Nipigon";"LTG";"SUP";117339966,4;129684,5413;"IFR"
"11";"NIP16_2002_77_rbr";3,808020335;"High";153;83,2738985390545;2002;"Lake Nipigon";"LTG";"PRO";22589819,95;72396,17729;"IFR"
"12";"TER7_1986_83_rbr";1,071180418;"High";141;85,6034148234381;1986;"Lake Nipigon";"RWY";"NR";2284265,425;6475,836858;"IFR"
"13";"RED47_2002_92_rbr";1,916327439;"High";194;98,469654691315;2002;"Lake St. Joseph";"LTG";"SUP";75266880,82;66501,53483;"IFR"
"14";"NIP81_2002_96_rbr";1,499967966;"High";197;99,8291571753986;2002;"Big Trout Lake";"LTG";"SUP";2796896,782;10034,1409;"IFR"
"15";"THU16_2002_102_rbr";1,623901996;"Low";143;99,8663816141101;2002;"Lake Nipigon";"LTG";"SUP";6084687,157;16022,81927;"IFR"
"16";"NIP85_2002_103_rbr";1,684219989;"High";197;95,6453774006253;2002;"Lake Nipigon";"LTG";"SUP";3757973,679;13059,77443;"IFR"
"17";"GER31_1987_120_rbr";1,127696484;"High";174;96,1659457333858;1987;"Big Trout Lake";"LTG";"NR";4189915,495;9233,255423;"IFR"
"18";"THU58_1996_127_rbr";4,707728957;"High";164;63,6147643275415;1996;"Lake Nipigon";"LTG";"SUP";71226459,44;158924,9636;"IFR"
"19";"FOR11_1996_134_rbr";1,33841932;"High";164;90,1656949984659;1996;"Lake Wabigoon";"LTG";"SUP";5414101,621;12457,05523;"IFR"
"20";"THU21_1998_137_rbr";2,571272441;"High";120;94,4893325916014;1998;"Lake Nipigon";"UNK";"SUP";270147499;169047,4259;"IFR"
"21";"GER27_1989_138_rbr";1,179052842;"High";169;97,8748393035695;1989;"Big Trout Lake";"LTG";"PRO";56728747,05;35521,79114;"IFR"
"22";"NIP75_1995_140_rbr";1,354998629;"High";170;95,9791122715405;1995;"Lake Nipigon";"LTG";"SUP";3040451,47;9450,785037;"IFR"
"23";"THU84_1996_147_rbr";1,230719704;"High";164;92,7032393823538;1996;"Lake Nipigon";"LTG";"SUP";29383662,43;26685,30114;"IFR"
"24";"SLK84_1996_148_rbr";2,002223385;"Extreme";165;99,2596093257719;1996;"Lake St. Joseph";"LTG";"SUP";5122184,501;18125,92295;"IFR"
"25";"KEN100_1995_159_rbr";1,462107294;"Moderate";171;62,8815628815629;1995;"Lake Wabigoon";"LTG";"SUP";2659743,872;9538,040089;"IFR"
"26";"RED60_2002_175_rbr";1,301472588;"High";196;99,7263273125342;2002;"Lake St. Joseph";"LTG";"SUP";4343180,093;10849,23049;"IFR"
"27";"IGN41_1989_211_rbr";1,52311026;"Moderate";291;99,8425196850394;1989;"Lake Wabigoon";"IDF";"PRO";1099774,28;6389,150443;"IFR"
"28";"RED19_1999_219_rbr";2,850270607;"High";148;68,569415081043;1999;"Lake St. Joseph";"IDF";"SUP";4531927,034;24270,99272;"IFR"
"29";"NIP60_1996_227_rbr";1,799304765;"High";164;98,37083836161;1996;"Big Trout Lake";"LTG";"SUP";22576064,57;34197,06553;"IFR"
"30";"KEN121_1995_233_rbr";1,53760949;"High";173;67,2762066765894;1995;"Lake Wabigoon";"LTG";"SUP";3771201,608;11943,89336;"IFR"
"31";"NIP39_1996_236_rbr";1,57948799;"Moderate";164;74,5846621671734;1996;"Lake Nipigon";"LTG";"SUP";93359486,59;61045,76587;"IFR"
"32";"SLK74_1996_261_rbr";4,080597687;"High";164;98,7895158063225;1996;"Lake St. Joseph";"LTG";"PRO";8128442,529;46535,82741;"IFR"
"33";"NIP64_1995_262_rbr";1,21004007;"High";170;99,2777921072994;1995;"Big Trout Lake";"LTG";"MON";3041665,155;8441,418746;"IFR"
"34";"GER32_1989_272_rbr";1,304182667;"Extreme";172;98,7938097405553;1989;"Big Trout Lake";"LTG";"PRO";11046882,25;17338,76968;"IFR"
"35";"DRY29_1995_275_rbr";2,092171356;"Extreme";171;53,7579826428688;1995;"Lake Wabigoon";"LTG";"SUP";15257228,54;32688,50577;"IFR"
"36";"RED230_1988_277_rbr";1,31107892;"Extreme";172;99,113475177305;1988;"Lake Wabigoon";"LTG";"NR";1909633,556;7247,093168;"IFR"
"37";"NIP103_1998_283_rbr";1,644918543;"Low";172;97,2445907149359;1998;"Lake Nipigon";"LTG";"SUP";24130830,33;32321,42656;"IFR"
"38";"THU83_1996_292_rbr";1,511632661;"Low";165;93,5802245563202;1996;"Lake Nipigon";"LTG";"SUP";8792054,81;17928,80946;"IFR"
"39";"THU124_1998_298_rbr";1,502459894;"Low";191;99,7299729972997;1998;"Lake Nipigon";"LTG";"SUP";1973012,283;8441,658398;"IFR"
"40";"SLK65_1995_307_rbr";2,148330574;"Moderate";167;80,5999360533276;1995;"Lake St. Joseph";"LTG";"SUP";83654637,41;78597,0256;"IFR"
"41";"THU14_1995_308_rbr";2,806670031;"High";150;89,2857142857143;1995;"Lake Nipigon";"MIS";"SUP";9913541,87;35348,07529;"IFR"
"42";"RED22_1993_309_rbr";2,210792322;"High";156;93,6426548310802;1993;"Lake St. Joseph";"LTG";"MON";144553543,3;106321,7974;"IFR"
"43";"NIP80_1996_310_rbr";2,359164941;"High";166;94,9697251979507;1996;"Lake Nipigon";"LTG";"SUP";1844737,922;12816,97788;"IFR"
"44";"THU76_1996_311_rbr";2,326239791;"High";164;74,1538461538461;1996;"Lake Nipigon";"LTG";"MON";9762205,408;29072,90588;"IFR"
"45";"FOR13_1987_316_rbr";1,361553995;"High";108;66,697703289882;1987;"Agassiz Clay Plain";"MIS";"NR";5657010,762;12953,53678;"IFR"
"46";"FOR10_1991_317_rbr";0,941612811;"Low";114;25,2144082332761;1991;"Agassiz Clay Plain";"IDO";"SUP";511812,9554;2694,560799;"IFR"
"47";"NIP61_1996_318_rbr";1,929399507;"High";162;95,1739618406285;1996;"Lake Nipigon";"LTG";"SUP";1647835,781;9906,930562;"IFR"
"48";"FOR61_1995_328_rbr";1,072543672;"High";171;74,0312833274084;1995;"Pigeon River";"LTG";"SUP";4632943,575;9234,289413;"IFR"
"49";"THU80_1996_348_rbr";1,521513906;"High";164;87,4233128834356;1996;"Lake Nipigon";"LTG";"SUP";2506451,339;9635,306984;"IFR"
"50";"RED62_1995_351_rbr";2,024700706;"High";165;98,1144389716605;1995;"Lake St. Joseph";"LTG";"SUP";88702651,99;76276,21387;"IFR"
"51";"NIP49_1996_366_rbr";1,897047453;"Moderate";164;79,4163788285832;1996;"Lake Nipigon";"LTG";"SUP";127474357,7;85674,11009;"IFR"
"52";"THU136_1995_414_rbr";2,298392468;"Extreme";222;94,9267782426779;1995;"Pigeon River";"REC";"SUP";39062540,98;57459,84183;"IFR"
"53";"SLK63_1996_428_rbr";1,365393344;"High";164;99,5788365359306;1996;"Lake St. Joseph";"LTG";"PRO";2966702,599;9407,078732;"IFR"
"54";"FOR38_1995_439_rbr";1,499043856;"Extreme";170;84,801807963365;1995;"Pigeon River";"LTG";"SUP";29913564,18;32795,05858;"IFR"
"55";"THU65_1996_453_rbr";1,868240875;"High";164;92,7751047252652;1996;"Lake Nipigon";"LTG";"SUP";162553198;95277,55856;"IFR"
"56";"NIP58_1996_457_rbr";1,791966912;"Moderate";164;95,5090094210189;1996;"Big Trout Lake";"LTG";"MON";8888674,801;21370,19506;"IFR"
"57";"RED70_1989_459_rbr";0,986255008;"Moderate";201;92,8493845039827;1989;"Lake St. Joseph";"LTG";"MON";17945264,77;16711,83535;"IFR"
"58";"THU71_1996_461_rbr";2,161481195;"Moderate";169;59,0302527973477;1996;"Lake Nipigon";"LTG";"SUP";10219800,8;27639,6582;"IFR"
"59";"IGN9_1987_492_rbr";2,698613745;"High";131;82,8999714266874;1987;"Lake Nipigon";"LTG";"NR";43661262,11;71326,16308;"IFR"
"60";"RED320_1988_494_rbr";3,056469102;"Extreme";205;99,1475574848227;1988;"Lake St. Joseph";"LTG";"NR";26714469,48;63190,71628;"IFR"
"61";"NIP12_1999_502_rbr";2,295982846;"High";122;95,6459454148286;1999;"Lake Nipigon";"RES";"SUP";290036536,1;156406,5675;"IFR"
"62";"GER30_1989_511_rbr";0,887354615;"Extreme";172;91,7427385892117;1989;"Big Trout Lake";"LTG";"MON";1957056,762;4965,453448;"IFR"
"63";"THU13_1999_514_rbr";3,249776337;"High";149;99,411331861663;1999;"Lake Nipigon";"LTG";"SUP";6671751,566;33576,34329;"IFR"
"64";"THU41_1996_553_rbr";1,601963167;"High";161;94,5198894363658;1996;"Lake Nipigon";"LTG";"SUP";6952412,139;16895,85883;"IFR"
"65";"NIP37_1996_565_rbr";2,333345377;"High";164;95,3258751353303;1996;"Big Trout Lake";"LTG";"MON";55087396,26;69273,18266;"IFR"
"66";"SLK20_1999_573_rbr";2,085163705;"High";123;99,2643284858854;1999;"Lake St. Joseph";"RES";"SUP";9836526,554;26158,99365;"IFR"
"67";"GER13_1986_576_rbr";4,216308151;"High";171;95,82135750608;1986;"Big Trout Lake";"IDO";"NR";3706070,209;32467,52298;"IFR"
"68";"THU53_1996_593_rbr";1,499627205;"High";161;93,0172479294886;1996;"Lake Nipigon";"LTG";"SUP";65418253,85;48516,87007;"IFR"
"69";"NIP241_1998_609_rbr";1,581105347;"Low";198;99,0025004705187;1998;"Lake Nipigon";"LTG";"SUP";32137744,21;35853,24703;"IFR"
"70";"NIP51_1996_620_rbr";1,500528984;"High";164;98,2122023390165;1996;"Big Trout Lake";"LTG";"SUP";142718674;71704,23071;"IFR"
"71";"NIP62_1996_627_rbr";1,279168781;"High";164;91,072143486268;1996;"Big Trout Lake";"LTG";"SUP";10493255,56;16574,59664;"IFR"
"72";"RED21_1990_632_rbr";1,537540256;"Moderate";204;93,0215293244247;1990;"Lake St. Joseph";"LTG";"MON";7758949,069;17131,206;"IFR"
"73";"RED28_1987_634_rbr";1,716442043;"High";172;78,7761610524217;1987;"Lake St. Joseph";"LTG";"NR";20124939,9;30800,40528;"IFR"
"74";"FOR33_1987_639_rbr";2,067740212;"Extreme";125;96,6579373986781;1987;"Lake Wabigoon";"IDO";"NR";15218538,88;32265,80048;"IFR"
"75";"SLK95_1996_646_rbr";2,369455481;"Moderate";166;94,9333871618893;1996;"Lake Nipigon";"LTG";"MON";4169505,242;19353,11185;"IFR"
"76";"THU71_1987_651_rbr";2,33606304;"Extreme";128;85,6412809026049;1987;"Lake Nipigon";"UNK";"NR";27329014,96;48849,09686;"IFR"
"77";"RED17_1996_652_rbr";2,058316818;"High";162;94,911023144681;1996;"Lake St. Joseph";"LTG";"PRO";22983632,11;39471,3104;"IFR"
"78";"THU38_1996_675_rbr";2,791188275;"High";164;66,0808693500948;1996;"Lake Nipigon";"LTG";"SUP";89256656,63;105479,8324;"IFR"
"79";"RED58_1999_677_rbr";5,007003166;"High";238;99,2403681633135;1999;"Lake St. Joseph";"REC";"SUP";54789576,25;148247,3122;"IFR"
"80";"WAW22_1998_683_rbr";2,663722363;"Moderate";138;90,4374875062773;1998;"Lake Nipigon";"LTG";"SUP";175604235,6;141194,0649;"IFR"
"81";"THU71_1998_684_rbr";3,414326291;"Moderate";165;84,4630626223093;1998;"Lake Nipigon";"LTG";"SUP";69496685,04;113853,6763;"IFR"
"82";"WAW7_1998_696_rbr";2,025116235;"High";118;95,369532428356;1998;"Lake Nipigon";"MIS";"SUP";5441449,54;18895,88554;"IFR"
"83";"DRY32_1995_703_rbr";3,264914447;"High";170;87,1174377224199;1995;"Lake Wabigoon";"LTG";"SUP";10458815,17;42235,05275;"IFR"
"84";"GER40_1991_716_rbr";1,524537863;"High";196;95,1976357591429;1991;"Lake Nipigon";"MIS";"SUP";4991775,961;13624,66237;"IFR"
"85";"NIP46_1996_726_rbr";1,989797656;"High";164;63,2668668215034;1996;"Lake Nipigon";"LTG";"SUP";59441546,71;61364,04178;"IFR"
"86";"FOR141_1995_743_rbr";2,170317445;"High";221;97,7960467058612;1995;"Pigeon River";"LTG";"SUP";282219382,4;145840,0052;"IFR"
"87";"THU109_1988_747_rbr";1,44050665;"High";171;60,0318109520563;1988;"Lake Nipigon";"LTG";"NR";3874544,398;11341,89388;"IFR"
"88";"FOR42_1995_752_rbr";1,30099499;"Extreme";170;72,9361019159394;1995;"Lake Wabigoon";"LTG";"SUP";8288846,657;14982,44417;"IFR"
"89";"NIP154_1995_756_rbr";3,398185424;"Extreme";232;89,6891360288681;1995;"Lake Nipigon";"IDO";"SUP";27959229,72;71873,64416;"IFR"
"90";"NIP64_1996_782_rbr";1,780873215;"High";162;64,9918029155035;1996;"Lake Nipigon";"LTG";"SUP";18872438,61;30946,17691;"IFR"
"91";"THU103_1988_802_rbr";1,303570723;"High";164;92,3367747564345;1988;"Lake Nipigon";"LTG";"NR";6066189,275;12842,58852;"IFR"
"92";"FOR35_1987_812_rbr";1,402843992;"Extreme";128;23,4329532048761;1987;"Agassiz Clay Plain";"MIS";"NR";22821279,02;26806,45335;"IFR"
"93";"FOR140_1995_828_rbr";1,4870462;"Extreme";222;96,9299986767237;1995;"Pigeon River";"IDF";"SUP";7034327,482;15775,95811;"IFR"
"94";"NIP56_1998_832_rbr";1,217926392;"Moderate";165;97,0183486238532;1998;"Big Trout Lake";"LTG";"SUP";709172,7119;4102,579835;"IFR"
"95";"FOR8_1987_835_rbr";1,296131573;"Moderate";101;25,6457945856582;1987;"Agassiz Clay Plain";"MIS";"NR";4313626,014;10767,88295;"IFR"
"96";"DRY18_1996_839_rbr";1,142815943;"High";163;75,3404624805777;1996;"Lake Wabigoon";"LTG";"SUP";8931780,45;13661,71752;"IFR"
"97";"NIP86_1996_856_rbr";1,595954843;"High";166;97,6792374637381;1996;"Lake Nipigon";"LTG";"SUP";2130780,037;9318,583478;"IFR"
"98";"THU39_1996_866_rbr";1,106112754;"High";164;99,6175478065242;1996;"Lake Nipigon";"LTG";"SUP";3622856,313;8421,412609;"IFR"
"99";"GER21_1988_873_rbr";1,446869211;"High";184;97,456095974561;1988;"Big Trout Lake";"LTG";"NR";11355619,33;19502,69725;"IFR"
"100";"THU82_1987_885_rbr";1,498650225;"Extreme";133;90,684133915575;1987;"Lake Nipigon";"LTG";"NR";1272584,265;6762,441933;"IFR"
"101";"DRY23_1996_942_rbr";3,165977176;"High";164;76,901786521464;1996;"Lake Wabigoon";"LTG";"SUP";120598512,6;139071,6946;"IFR"
"102";"THU132_1995_944_rbr";1,627038069;"Moderate";221;88,9838945827233;1995;"Lake Nipigon";"LTG";"SUP";38644405,14;40457,68411;"IFR"
"103";"DRY36_1996_957_rbr";3,195532077;"Extreme";165;95,4290642518327;1996;"Lake Nipigon";"LTG";"SUP";17037872,46;52760,73709;"IFR"
"104";"RED83_1995_959_rbr";2,595109825;"Low";168;82,4668705402651;1995;"Lake St. Joseph";"LTG";"SUP";86551219,09;96572,2451;"IFR"
"105";"RED81_1995_964_rbr";3,521929364;"High";166;60,7862035730267;1995;"Lake St. Joseph";"LTG";"SUP";46070443,62;95620,68044;"IFR"
"106";"THU59_1995_972_rbr";1,027667296;"Low";172;48,5042735042736;1995;"Lake Nipigon";"LTG";"SUP";3732979,525;7942,191079;"IFR"
"107";"NIP252_1998_994_rbr";2,164733141;"Low";204;96,1797752808989;1998;"Lake Nipigon";"LTG";"MON";1206851,189;9512,424412;"IFR"
"108";"RED24_1995_1019_rbr";1,747361293;"High";150;98,6808291930787;1995;"Lake St. Joseph";"LTG";"PRO";9061152,101;21039,45146;"IFR"
"109";"NIP58_1998_1031_rbr";1,494622661;"High";166;33,8609772883689;1998;"Lake Nipigon";"LTG";"SUP";1180328,536;6495,207162;"IFR"
"110";"GER36_1989_1040_rbr";1,492321293;"Extreme";169;96,8071591903565;1989;"Big Trout Lake";"LTG";"MON";29216279,03;32265,23101;"IFR"
"111";"KEN115_1995_1049_rbr";1,398792389;"Extreme";171;49,2263843648209;1995;"Lake Wabigoon";"LTG";"SUP";1978916,542;7870,947058;"IFR"
"112";"THU53_1988_1053_rbr";1,171678458;"Moderate";150;99,501246882793;1988;"Lake Nipigon";"LTG";"NR";1763603,404;6223,990209;"IFR"
"113";"NIP63_1996_1056_rbr";1,144497557;"High";164;34,4550327575938;1996;"Lake Nipigon";"LTG";"SUP";5503840,736;10740,08678;"IFR"
"114";"NIP48_1996_1078_rbr";1,990087915;"High";163;97,7360058157649;1996;"Big Trout Lake";"LTG";"SUP";7947659,452;22441,49982;"IFR"
"115";"SLK70_1996_1083_rbr";1,648136055;"Extreme";164;89,7986070653037;1996;"Lake St. Joseph";"LTG";"SUP";121093181,7;72545,90398;"IFR"
"116";"GER34_1989_1089_rbr";1,405361398;"High";169;98,0222189010113;1989;"Big Trout Lake";"LTG";"PRO";16326988,23;22714,3886;"IFR"
"117";"DRY31_1996_1105_rbr";5,917391604;"Extreme";165;78,8857510738902;1996;"Lake Nipigon";"LTG";"SUP";78307681,61;209455,8457;"IFR"
"118";"THU107_1988_1115_rbr";0,993780031;"High";164;96,7991604355241;1988;"Lake Nipigon";"LTG";"NR";19542902,76;17572,95482;"IFR"
"119";"DRY27_1996_1121_rbr";3,197908537;"Low";189;98,0948989584261;1996;"Lake Nipigon";"LTG";"SUP";9517299,15;39462,34507;"IFR"
"120";"NIP9_1992_1122_rbr";1,374735927;"High";163;96,1073527780858;1992;"Lake Nipigon";"LTG";"SUP";92086033,85;52768,6712;"IFR"
"121";"THU74_1996_1129_rbr";1,839924138;"High";164;97,2293011507157;1996;"Lake Nipigon";"LTG";"SUP";73051011,58;62903,24142;"IFR"
"122";"NIP10_1999_1139_rbr";1,681494743;"Moderate";120;96,6283901492133;1999;"Lake Nipigon";"IDF";"SUP";484964105,9;148118,8404;"IFR"
"123";"SLK71_1996_1142_rbr";2,638249635;"High";164;88,5816410699556;1996;"Lake Nipigon";"LTG";"SUP";90217597,79;100235,4877;"IFR"
"124";"DRY12_1996_1145_rbr";2,201428512;"Low";164;96,3024742841257;1996;"Lake Nipigon";"LTG";"SUP";11892174,55;30366,53337;"IFR"
"125";"NIP65_1996_1146_rbr";0,887356037;"High";164;93,826750746764;1996;"Lake Nipigon";"LTG";"SUP";2470731,932;5579,184376;"IFR"
"126";"RED35_1993_1147_rbr";1,197004141;"Extreme";169;70,6853699227129;1993;"Lake St. Joseph";"LTG";"MON";46706839,35;32722,45536;"IFR"
"127";"THU54_1995_1157_rbr";1,469704816;"High";170;90,1347068145801;1995;"Lake Nipigon";"LTG";"SUP";2009336,226;8333,288468;"IFR"
"128";"KEN186_1988_1159_rbr";1,223801183;"High";172;96,7919494816465;1988;"Lake Wabigoon";"LTG";"NR";26785500,79;25334,99048;"IFR"
"129";"KEN105_1995_1173_rbr";1,039531476;"High";171;63,4101382488479;1995;"Lake Wabigoon";"LTG";"SUP";877095,5051;3894,225335;"IFR"
"130";"SLK86_1996_1174_rbr";1,469980829;"Extreme";164;71,6737240918208;1996;"Lake St. Joseph";"LTG";"SUP";3569457,669;11108,94407;"IFR"
"131";"NIP59_1996_1179_rbr";1,34005291;"Moderate";164;95,6609642301712;1996;"Big Trout Lake";"LTG";"MON";5128613,968;12138,97293;"IFR"
"132";"THU77_1996_1187_rbr";1,775619778;"High";164;98,7591240875913;1996;"Lake Nipigon";"LTG";"SUP";7992311,143;20079,18849;"IFR"
"133";"GER92_1991_1201_rbr";1,071983954;"Extreme";223;97,2926759760615;1991;"Big Trout Lake";"LTG";"SUP";20769353,34;19541,58399;"IFR"
"134";"FOR12_1987_1202_rbr";1,442026098;"High";92;25,3799392097264;1987;"Agassiz Clay Plain";"MIS";"NR";2901668,05;9825,552389;"IFR"
"135";"NIP44_1996_1211_rbr";3,062545939;"Moderate";164;87,9049805970299;1996;"Lake Nipigon";"LTG";"SUP";168625888,5;159076,0244;"IFR"
"136";"THU67_1996_1222_rbr";1,890782431;"High";164;54,7156726768377;1996;"Lake Nipigon";"LTG";"SUP";4710782,428;16415,2716;"IFR"
"137";"RED9_1997_1238_rbr";2,7991648;"Low";154;97,8902006553845;1997;"Lake Wabigoon";"LTG";"SUP";18473734,92;48124,45378;"IFR"
"138";"THU90_1996_1274_rbr";1,421137507;"Low";165;66,0899890590809;1996;"Lake Nipigon";"LTG";"SUP";92478095,86;54665,77787;"IFR"
"139";"SLK66_1996_1275_rbr";1,612814623;"Extreme";163;99,8726655348048;1996;"Lake St. Joseph";"LTG";"PRO";1913938,848;8925,005089;"IFR"
"140";"NIP66_1995_1281_rbr";1,440006832;"High";170;69,2538126361656;1995;"Big Trout Lake";"LTG";"SUP";3174029,856;10261,95363;"IFR"
"141";"NIP24_1998_1285_rbr";1,361626056;"Low";138;97,1412070459139;1998;"Lake Nipigon";"LTG";"SUP";5734023,87;13042,10202;"IFR"
"142";"NIP79_1996_1296_rbr";1,266099456;"Extreme";164;98,1026562812064;1996;"Big Trout Lake";"LTG";"MON";3936836,446;10048,50608;"IFR"
"143";"FOR9_1998_1300_rbr";1,141395901;"High";113;91,937984496124;1998;"Pigeon River";"MIS";"SUP";551710,7609;3391,189253;"IFR"
"144";"GER35_1989_1301_rbr";1,402217017;"High";171;97,7020138714798;1989;"Big Trout Lake";"LTG";"PRO";10638676,25;18294,43584;"IFR"
"145";"THU122_1998_1306_rbr";0,978376379;"Low";194;99,712643678161;1998;"Lake Nipigon";"LTG";"SUP";280582,7686;2072,986379;"IFR"
"146";"THU36_1996_1313_rbr";2,243854233;"High";163;97,6692989719872;1996;"Lake Nipigon";"LTG";"PRO";39243922,98;56226,47266;"IFR"
"147";"THU86_1996_1314_rbr";1,595458431;"High";164;98,6197602007622;1996;"Lake Nipigon";"LTG";"SUP";16977823,81;26295,80653;"IFR"
"148";"DRY26_1995_1350_rbr";2,096353773;"Extreme";170;78,4629981024668;1995;"Lake Nipigon";"LTG";"SUP";10566283,67;27257,47978;"IFR"
"149";"NIP76_1996_1383_rbr";1,939366957;"Moderate";164;96,7140674122307;1996;"Big Trout Lake";"LTG";"MON";87643129,64;72623,79204;"IFR"
"150";"THU53_1995_1395_rbr";1,14448787;"High";170;79,2383742218968;1995;"Lake Nipigon";"LTG";"MON";4348318,486;9546,229225;"IFR"
"151";"WAW13_2003_1409_rbr";2,876572668;"Extreme";164;92,9217919708731;2003;"Lake Nipigon";"LTG";"SUP";263858010;186904,8118;"IFR"
"152";"DRY57_2003_1410_rbr";2,206854813;"High";171;93,1336742147553;2003;"Pigeon River";"REC";"SUP";8048638,973;25043,49728;"IFR"
"153";"SLK58_2003_1412_rbr";4,387685825;"High";169;97,9424991426073;2003;"Lake St. Joseph";"LTG";"SUP";345826105,4;326380,6486;"IFR"
"154";"DRY5_2003_1418_rbr";1,016056047;"Moderate";99;15,3005464480875;2003;"Lake Wabigoon";"RES";"SUP";153542,9318;1592,548146;"IFR"
"155";"FOR11_2003_1420_rbr";1,488963931;"High";120;54,811320754717;2003;"Agassiz Clay Plain";"MIS";"SUP";1788691,064;7965,47791;"IFR"
"156";"NIP58_2003_1421_rbr";3,140137741;"Moderate";171;91,6348148957082;2003;"Lake Nipigon";"LTG";"SUP";7585623,542;34594,28292;"IFR"
"157";"KEN110_2003_1423_rbr";1,911919489;"High";229;90,84864391951;2003;"Lake Wabigoon";"UNK";"SUP";4717581,87;16610,75277;"IFR"
"158";"SLK20_2003_1434_rbr";1,311082876;"Low";136;100;2003;"Lake Nipigon";"RWY";"SUP";431973,0699;3446,818958;"IFR"
"159";"RED65_2003_1440_rbr";1,446276427;"Low";168;81,9460726846424;2003;"Lake St. Joseph";"LTG";"SUP";1329859,106;6671,355972;"IFR"
"160";"DRY58_2003_1441_rbr";2,079479727;"High";169;97,4110032362459;2003;"Lake Wabigoon";"LTG";"SUP";798155,5013;7431,191238;"IFR"
"161";"RED83_1991_1455_rbr";1,58785656;"High";228;64,4390885188431;1991;"Lake St. Joseph";"LTG";"MON";7274652,059;17130,78924;"IFR"
"162";"DRY24_1996_1466_rbr";2,002937884;"High";163;98,3745398872927;1996;"Lake Wabigoon";"LTG";"SUP";25433348,33;40404,45396;"IFR"
"163";"RED77_1995_1467_rbr";2,403676602;"Moderate";166;98,8370752776884;1995;"Lake St. Joseph";"LTG";"SUP";169032379,1;125003,1564;"IFR"
"164";"FOR14_2003_1484_rbr";1,258316735;"High";123;87,4723655121591;2003;"Agassiz Clay Plain";"RES";"SUP";1134146,514;5360,243822;"IFR"
"165";"NIP17_2003_1485_rbr";1,851238552;"High";145;95,118230358505;2003;"Lake Nipigon";"RWY";"SUP";2117731,516;10776,00606;"IFR"
"166";"THU28_2003_1502_rbr";1,910671513;"High";128;99,2727272727272;2003;"Pigeon River";"RES";"SUP";488366,1836;5340,953684;"IFR"
"167";"THU31_2005_1510_rbr";1,411450315;"High";204;91,714510863447;2005;"Lake Nipigon";"RWY";"FUL";14158268,81;21243,72462;"IFR"
"168";"NIP112_2005_1518_rbr";1,363239034;"Moderate";219;74,4003488879198;2005;"Big Trout Lake";"LTG";"FUL";3578243,543;10314,94585;"IFR"
"169";"NIP20_2005_1521_rbr";4,291196258;"Extreme";170;80,1907394444145;2005;"Lake Nipigon";"LTG";"FUL";134921260,9;199378,6102;"IFR"
"170";"NIP52_2005_1522_rbr";1,634626017;"High";205;86,2112586970272;2005;"Lake Nipigon";"LTG";"FUL";1327963,508;7534,795481;"IFR"
"171";"THU30_2005_1525_rbr";3,595685283;"High";204;91,5749525616699;2005;"Lake Nipigon";"LTG";"FUL";4245078,379;29633,60724;"IFR"
"172";"THU57_2005_1526_rbr";2,447225767;"High";215;71,3613440845715;2005;"Lake Nipigon";"LTG";"FUL";60711027,06;76272,47128;"IFR"
"173";"NIP104_2005_1536_rbr";1,239043722;"Low";220;79,4835007173602;2005;"Big Trout Lake";"LTG";"MON";557976,0513;3702,153335;"IFR"
"174";"NIP40_2007_1564_rbr";0,887354536;"Moderate";163;47,0588235294118;2007;"Big Trout Lake";"LTG";"FUL";541675,5413;2612,322421;"IFR"
"175";"DRY8_2007_1565_rbr";1,244412266;"Extreme";119;86,624203821656;2007;"Lake Wabigoon";"RWY";"FUL";396802,4017;3135,533323;"IFR"
"176";"KEN41_2007_1566_rbr";2,741966971;"High";214;99,9462076385153;2007;"Lake Wabigoon";"REC";"FUL";1643543,452;14060,88984;"IFR"
"177";"NIP262_2006_1567_rbr";1,180807373;"High";250;84,1170323928944;2006;"Lake Nipigon";"LTG";"FUL";801344,855;4228,134305;"IFR"
"178";"THU113_2006_1568_rbr";1,906301958;"Extreme";250;67,7007299270073;2006;"Lake Nipigon";"LTG";"FUL";467387,6625;5213,030998;"IFR"
"179";"NIP406_2006_1569_rbr";1,585044794;"High";254;16,7254085229094;2006;"Lake Nipigon";"LTG";"FUL";5150665,392;14389,08573;"IFR"
"180";"NIP409_2006_1570_rbr";1,41619095;"Extreme";255;18,3890398015826;2006;"Lake Nipigon";"LTG";"MON";7081489,432;15074,54151;"IFR"
"181";"NIP238_2006_1571_rbr";1,50435439;"High";250;99,9485596707819;2006;"Lake Nipigon";"LTG";"MON";1625824,803;7672,678864;"IFR"
"182";"NIP426_2006_1572_rbr";1,245858808;"High";250;99,9301187980433;2006;"Lake Nipigon";"LTG";"MON";1207363,877;5475,804158;"IFR"
"183";"NIP322_2006_1573_rbr";1,173752724;"Moderate";251;65,8333333333333;2006;"Lake Nipigon";"LTG";"FUL";705005,2214;3942,146604;"IFR"
"184";"NIP365_2006_1574_rbr";1,464359047;"High";250;93,7430908688924;2006;"Lake Nipigon";"LTG";"MOD";7590028,294;16137,2402;"IFR"
"185";"NIP391_2006_1575_rbr";1,566226943;"Low";254;99,0704772475028;2006;"Lake Nipigon";"LTG";"FUL";6001179,527;15347,33565;"IFR"
"186";"NIP70_2006_1583_rbr";2,081485748;"High";194;81,7198628330256;2006;"Big Trout Lake";"LTG";"FUL";6159321,912;20663,30967;"IFR"
"187";"THU36_2007_1584_rbr";0,887354535;"High";128;76,6730401529637;2007;"Lake Nipigon";"RWY";"FUL";439005,5842;2351,7556;"IFR"
"188";"SLK97_2006_1591_rbr";0,887354534;"High";242;89,2929292929293;2006;"Lake Nipigon";"IDF";"FUL";483296,2219;2467,538082;"IFR"
"189";"NIP151_2006_1592_rbr";0,887354527;"High";218;84,3861740166865;2006;"Lake Nipigon";"LTG";"FUL";680989,0676;2929,053003;"IFR"
"190";"NIP327_2006_1596_rbr";1,922881407;"Moderate";251;59,2475247524753;2006;"Lake Nipigon";"LTG";"FUL";4173578,892;15713,27839;"IFR"
"191";"THU246_2006_1597_rbr";1,90068463;"High";256;98,7594762232942;2006;"Lake Nipigon";"LTG";"MON";1240358,319;8467,274437;"IFR"
"192";"THU187_2006_1598_rbr";1,090031754;"Low";252;100;2006;"Lake Nipigon";"LTG";"FUL";345549,2732;2563,032617;"IFR"
"193";"NIP440_2006_1601_rbr";0,903596773;"High";257;33,1649831649832;2006;"Lake Nipigon";"LTG";"MON";488274,3748;2525,611979;"IFR"
"194";"NIP410_2006_1602_rbr";0,982997124;"High";250;80,5437746137534;2006;"Lake Nipigon";"LTG";"MON";10976681,27;13027,10056;"IFR"
"195";"NIP257_2006_1604_rbr";1,567307698;"Extreme";250;96,7056323060574;2006;"Lake Nipigon";"LTG";"FUL";786930,5859;5561,378719;"IFR"
"196";"NIP245_2006_1605_rbr";1,619069161;"Extreme";250;97,0731707317073;2006;"Lake Nipigon";"LTG";"FUL";1882066,298;8884,7017;"IFR"
"197";"NIP323_2006_1607_rbr";1,687010761;"Extreme";251;51,0838624917889;2006;"Lake Nipigon";"LTG";"FUL";15030349,04;26161,4841;"IFR"
"198";"NIP328_2006_1608_rbr";1,7518428;"Moderate";251;87,9591063990913;2006;"Lake Nipigon";"LTG";"FUL";2201405,595;10396,93088;"IFR"
"199";"NIP296_2006_1609_rbr";1,425706328;"Moderate";251;49,7390891840608;2006;"Lake Nipigon";"LTG";"FUL";3483323,403;10643,56134;"IFR"
"200";"THU189_2006_1610_rbr";2,674087669;"Moderate";251;73,3970753655793;2006;"Lake Nipigon";"LTG";"FUL";4480303,268;22640,67334;"IFR"
"201";"NIP291_2006_1611_rbr";1,644013712;"High";250;99,7134670487106;2006;"Lake Nipigon";"LTG";"MON";589710,8618;5049,925723;"IFR"
"202";"NIP404_2006_1612_rbr";1,130337023;"High";250;97,5393700787401;2006;"Lake Nipigon";"LTG";"MON";857795,644;4187,548617;"IFR"
"203";"NIP400_2006_1613_rbr";1,579740544;"High";250;99,8254799301919;2006;"Lake Nipigon";"LTG";"MON";491341,6201;4429,324846;"IFR"
"204";"NIP341_2006_1614_rbr";2,368165281;"Extreme";251;99,7165800661313;2006;"Lake Nipigon";"LTG";"MON";1773157,375;12613,79134;"IFR"
"205";"NIP402_2006_1615_rbr";1,365337145;"High";251;99,6889580093313;2006;"Lake Nipigon";"LTG";"MON";543944,1675;4027,884969;"IFR"
"206";"NIP334_2006_1616_rbr";1,67715528;"High";250;96,4391691394659;2006;"Lake Nipigon";"LTG";"MON";1135793,016;7149,618392;"IFR"
"207";"RED146_2006_1628_rbr";2,776108612;"Low";233;79,6757523699567;2006;"Lake St. Joseph";"LTG";"MON";239163315,6;171729,0342;"IFR"
"208";"THU185_2006_1633_rbr";2,011851615;"Extreme";250;65,4171894604768;2006;"Lake Nipigon";"LTG";"FUL";10486426,59;26059,71715;"IFR"
"209";"THU142_2006_1634_rbr";2,036430861;"High";251;66,7319532560516;2006;"Lake Nipigon";"LTG";"MON";91118572,13;77755,85729;"IFR"
"210";"THU234_2006_1635_rbr";1,581468484;"High";255;98,4386089425125;2006;"Lake Nipigon";"LTG";"MON";1167081,292;6833,938821;"IFR"
"211";"THU190_2006_1636_rbr";2,205339897;"Moderate";253;99,4221508828251;2006;"Lake Nipigon";"LTG";"MON";2643230,786;14341,78038;"IFR"
"212";"THU144_2006_1638_rbr";2,360012213;"Extreme";250;91,5635313531353;2006;"Lake Nipigon";"LTG";"FUL";24932413,97;47136,39953;"IFR"
"213";"THU249_2006_1639_rbr";1,263525169;"Moderate";252;53,1697341513292;2006;"Lake Nipigon";"LTG";"FUL";398029,946;3188,612634;"IFR"
"214";"THU163_2006_1640_rbr";2,422014073;"Extreme";250;55,8659217877095;2006;"Lake Nipigon";"LTG";"FUL";27751220,9;51036,12598;"IFR"
"215";"NIP267_2006_1641_rbr";1,377336555;"Extreme";250;99,9999999999999;2006;"Lake Nipigon";"LTG";"MON";571105,094;4163,495332;"IFR"
"216";"THU143_2006_1642_rbr";2,08816268;"Extreme";251;64,6156503713941;2006;"Lake Nipigon";"LTG";"FUL";24162705,97;41057,93526;"IFR"
"217";"NIP344_2006_1643_rbr";1,865914639;"Low";252;43,556338028169;2006;"Lake Nipigon";"LTG";"FUL";6980899,494;19720,02476;"IFR"
"218";"NIP226_2006_1644_rbr";1,092852617;"High";250;99,6412556053812;2006;"Lake Nipigon";"LTG";"FUL";998405,8967;4367,924838;"IFR"
"219";"NIP415_2006_1645_rbr";1,265683521;"High";250;100;2006;"Lake Nipigon";"LTG";"MON";594510,2659;3903,595387;"IFR"
"220";"NIP428_2006_1646_rbr";1,533288755;"Extreme";250;76,3162177557165;2006;"Lake Nipigon";"LTG";"MON";20138130,32;27522,85712;"IFR"
"221";"THU184_2006_1647_rbr";1,630651455;"Extreme";250;80,1929860967006;2006;"Lake Nipigon";"LTG";"MON";7917293,533;18353,10321;"IFR"
"222";"NIP414_2006_1648_rbr";2,055098903;"High";250;97,2441635948746;2006;"Lake Nipigon";"LTG";"FUL";9664898,872;25555,91151;"IFR"
"223";"THU151_2006_1650_rbr";1,171493178;"Extreme";250;97,6290097629009;2006;"Lake Nipigon";"LTG";"FUL";599038,8635;3626,830462;"IFR"
"224";"NIP108_2006_1651_rbr";1,757249174;"Moderate";199;98,6666666666666;2006;"Lake Nipigon";"LTG";"FUL";384766,4604;4360,054755;"IFR"
"225";"THU176_2006_1652_rbr";1,177282358;"Extreme";250;90,8661417322835;2006;"Lake Nipigon";"LTG";"FUL";530588,2092;3430,199859;"IFR"
"226";"THU167_2006_1653_rbr";1,668102483;"High";251;100;2006;"Lake Nipigon";"LTG";"FUL";1959582,686;9340,379392;"IFR"
"227";"NIP276_2006_1655_rbr";1,682366889;"High";250;70,8676684440136;2006;"Lake Nipigon";"LTG";"MON";1700517,754;8775,488248;"IFR"
"228";"NIP413_2006_1656_rbr";1,331585915;"High";250;22,0307029356315;2006;"Lake Nipigon";"LTG";"MON";6370916,991;13444,05119;"IFR"
"229";"NIP411_2006_1657_rbr";1,58027791;"High";250;84,935830002104;2006;"Lake Nipigon";"LTG";"FUL";7948289,229;17820,92703;"IFR"
"230";"SLK11_2007_1658_rbr";3,774773076;"Extreme";129;83,5615643775891;2007;"Lake Nipigon";"RWY";"FUL";177689645,9;201271,3228;"IFR"
"231";"DRY10_2007_1659_rbr";1,448673028;"High";125;79,5226130653266;2007;"Lake Wabigoon";"MIS";"FUL";670213,7825;4743,916575;"IFR"
"232";"NIP26_2007_1660_rbr";2,186720389;"High";130;90,2311707680836;2007;"Lake Nipigon";"LTG";"FUL";1145308,873;9360,834312;"IFR"
"233";"THU39_2007_1661_rbr";2,708613114;"Extreme";133;88,92455858748;2007;"Lake Nipigon";"UNK";"FUL";6858607,802;28374,28671;"IFR"
"234";"THU37_2007_1662_rbr";4,452744362;"High";129;89,3424322312903;2007;"Pigeon River";"REC";"FUL";139108652,6;210070,3823;"IFR"
"235";"NIP380_2006_1663_rbr";1,47469466;"Low";252;96,6031909418426;2006;"Lake Nipigon";"LTG";"MON";1628795,318;7528,272919;"IFR"
"236";"NIP338_2006_1664_rbr";2,19356528;"Moderate";251;28,2882882882883;2006;"Lake Nipigon";"LTG";"FUL";27202577,33;45763,11535;"IFR"
"237";"RED51_2011_1670_rbr";1,830876208;"Extreme";184;93,9894815927874;2011;"Lake St. Joseph";"UNK";"MON";1010333,308;7361,245602;"IFR"
"238";"NIP81_2006_1684_rbr";1,60853667;"High";196;92,6035502958579;2006;"Big Trout Lake";"LTG";"FUL";544237,3943;4746,627452;"IFR"
"239";"THU154_2006_1687_rbr";1,909975228;"High";251;99,8860348908565;2006;"Lake Nipigon";"LTG";"MON";9232697,864;23214,10999;"IFR"
"240";"THU133_2006_1688_rbr";2,283060361;"High";250;99,4176372712146;2006;"Lake Nipigon";"LTG";"FUL";3923823,531;18089,73142;"IFR"
"241";"THU192_2006_1689_rbr";1,337580412;"High";252;99,5531439514842;2006;"Lake Nipigon";"LTG";"FUL";2586129,29;8604,091259;"IFR"
"242";"THU232_2006_1690_rbr";3,104795547;"Extreme";250;97,1209604569164;2006;"Lake Nipigon";"LTG";"MON";27857158,45;65548,29587;"IFR"
"243";"DRY79_2006_1692_rbr";3,914070553;"Extreme";194;96,3617661625205;2006;"Lake Wabigoon";"UNK";"FUL";22084852,45;73575,95235;"IFR"
"244";"RED35_2011_1721_rbr";1,93092295;"High";184;98,6183897093854;2011;"Lake St. Joseph";"LTG";"MON";1603350,42;9780,006889;"IFR"
"245";"KEN91_2011_1748_rbr";1,801279387;"Moderate";223;72,0588235294118;2011;"Lake Wabigoon";"LTG";"FUL";342084,2218;4214,126734;"IFR"
"246";"WAW12_2011_1749_rbr";1,029684133;"Low";158;44,3804034582133;2011;"Lake Nipigon";"LTG";"FUL";580768,3447;3138,813271;"IFR"
"247";"RED32_2010_1751_rbr";2,538623601;"Extreme";145;95,8127134274393;2010;"Lake St. Joseph";"LTG";"FUL";43264930,14;66792,28604;"IFR"
"248";"RED44_2010_1753_rbr";1,536751678;"Moderate";234;99,7745716862038;2010;"Lake St. Joseph";"LTG";"FUL";1707359,003;8032,044609;"IFR"
"249";"RED26_2010_1755_rbr";2,781187712;"High";138;52,2799970244737;2010;"Lake St. Joseph";"IDF";"FUL";10618055,76;36250,39924;"IFR"
"250";"RED25_2010_1756_rbr";1,421338781;"Moderate";138;99,671052631579;2010;"Lake Wabigoon";"LTG";"FUL";495938,8636;4003,793485;"IFR"
"251";"NIP35_2010_1767_rbr";1,416470545;"High";169;99,2690058479532;2010;"Lake Nipigon";"REC";"FUL";557738,5894;4231,388353;"IFR"
"252";"FOR3_2010_1771_rbr";1,419439865;"Moderate";86;0,648298217179902;2010;"Agassiz Clay Plain";"INC";"FUL";4095756,361;11490,63545;"IFR"
"253";"RED114_2011_1778_rbr";1,91264435;"High";196;99,7134670487107;2011;"Lake St. Joseph";"LTG";"MON";2714529,09;12604,95975;"IFR"
"254";"RED122_2011_1794_rbr";2,078499538;"Moderate";201;99,7639034627493;2011;"Lake St. Joseph";"LTG";"FUL";2954680,161;14291,08367;"IFR"
"255";"RED50_2011_1813_rbr";3,106695636;"High";185;70,3102715212185;2011;"Lake St. Joseph";"LTG";"MON";28406863,26;66232,37661;"IFR"
"256";"RED85_2011_1818_rbr";6,299067118;"High";185;93,6612558286296;2011;"Lake St. Joseph";"LTG";"MOD";338217679,8;463376,9004;"IFR"
"257";"SLK61_2011_1819_rbr";3,945281107;"Extreme";185;99,5202984809452;2011;"Lake St. Joseph";"LTG";"FUL";44769682,06;105591,7407;"IFR"
"258";"SLK64_2011_1820_rbr";3,883611275;"Extreme";185;96,1920137281687;2011;"Lake St. Joseph";"LTG";"FUL";211284759,6;225803,0638;"IFR"
"259";"RED84_2011_1823_rbr";10,33799625;"High";191;94,3725202234654;2011;"Lake St. Joseph";"LTG";"FUL";453592169,2;880702,3102;"IFR"
"260";"SLK82_2011_1824_rbr";3,090986732;"High";190;94,5390433494567;2011;"Big Trout Lake";"LTG";"MON";64343118,12;99176,3644;"IFR"
"261";"THU33_2011_1829_rbr";1,898023058;"Low";158;95,9245283018868;2011;"Lake Nipigon";"LTG";"FUL";1085768,773;7910,977497;"IFR"
"262";"THU22_2011_1831_rbr";3,121455484;"High";139;84,7228177641655;2011;"Lake Nipigon";"RWY";"FUL";13144436,19;45267,66761;"IFR"
"263";"KEN27_2011_1832_rbr";1,784945551;"Low";190;96,6597077244259;2011;"Lake Wabigoon";"LTG";"FUL";402232,0087;4528,175784;"IFR"
"264";"NIP66_2011_1835_rbr";3,301163232;"High";206;98,9224137931035;2011;"Lake Nipigon";"LTG";"FUL";1188983,827;14398,4242;"IFR"
"265";"KEN103_2012_1853_rbr";1,583013781;"Low";251;96,4625850340136;2012;"Lake Wabigoon";"LTG";"MON";623777,7988;5001,032117;"IFR"
"266";"RED31_2013_1862_rbr";2,899232343;"High";183;97,7148308294105;2013;"Lake Wabigoon";"LTG";"FUL";179679783,1;155450,6777;"IFR"
"267";"RED32_2013_1865_rbr";1,441145201;"High";183;97,0161399701614;2013;"Lake Wabigoon";"LTG";"MON";26469556,59;29657,94561;"IFR"
"268";"THU16_2013_1877_rbr";1,279607529;"High";158;65,6926406926407;2013;"Lake Nipigon";"RWY";"FUL";755237,1516;4448,140032;"IFR"
"269";"RED24_2013_1892_rbr";1,919593037;"Low";183;99,8615725359911;2013;"Lake St. Joseph";"LTG";"MOD";2993595,432;13285,12701;"IFR"
"270";"RED39_2012_1901_rbr";0,88629174;"Extreme";194;100;2012;"Lake St. Joseph";"IDF";"FUL";644000,4457;2844,983666;"IFR"
"271";"KEN36_2012_1917_rbr";1,775801892;"High";136;84,5935593701234;2012;"Lake Wabigoon";"LTG";"FUL";5829378,048;17150,05891;"IFR"
"272";"NIP32_2012_1929_rbr";1,029424913;"Extreme";193;65,9359190556492;2012;"Big Trout Lake";"LTG";"FUL";481282,6218;2856,635021;"IFR"
"273";"SLK105_2012_1931_rbr";1,414340311;"Low";219;99,6632996632997;2012;"Lake Wabigoon";"LTG";"MOD";520443,1371;4081,319122;"IFR"
"274";"RED124_2011_1958_rbr";2,738156843;"High";201;96,8950599631277;2011;"Lake Wabigoon";"LTG";"FUL";291776131,6;187086,8202;"IFR"
"275";"KEN28_2015_1959_rbr";1,801100572;"High";143;71,4805825242718;2015;"Lake Wabigoon";"INC";"FUL";1767509,975;9578,089528;"IFR"
"276";"RED10_2015_1960_rbr";2,083857431;"Extreme";146;98,7219966922267;2015;"Lake St. Joseph";"LTG";"FUL";6681483,747;21545,8907;"IFR"
"277";"KEN5_2015_1971_rbr";3,147980324;"Extreme";105;66,1016949152542;2015;"Lake Wabigoon";"INC";"FUL";2600350,607;20305,23194;"IFR"
"278";"RED11_2015_1986_rbr";2,020257615;"Extreme";146;98,902706656913;2015;"Lake Wabigoon";"LTG";"MON";1444080,179;9710,965188;"IFR"
"279";"RED50_2015_1999_rbr";2,04487124;"Moderate";191;94,8535936113576;2015;"Lake Wabigoon";"LTG";"FUL";1179612,078;8883,734353;"IFR"
"280";"THU19_2016_2001_rbr";3,199213102;"Extreme";143;97,1328408664079;2016;"Lake Nipigon";"LTG";"FUL";8668204,729;37676,25617;"IFR"
"281";"NIP12_2016_2003_rbr";1,629101486;"Extreme";144;70,4973624717408;2016;"Lake Nipigon";"MIS";"FUL";2852245,629;11005,29258;"IFR"
"282";"RED3_2016_2005_rbr";6,319424297;"High";126;91,2334015618612;2016;"Lake Wabigoon";"LTG";"FUL";866910746,6;744260,0372;"IFR"
"283";"KEN18_2016_2014_rbr";2,103038418;"Moderate";126;93,8605500399406;2016;"Lake Wabigoon";"RWY";"FUL";19292573,47;36948,96514;"IFR"
"284";"RED4_2014_2019_rbr";1,174388962;"High";155;95,2545297670405;2014;"Lake Wabigoon";"REC";"FUL";920867,3976;4507,860841;"IFR"
"285";"NIP32_2017_2024_rbr";2,064658567;"Extreme";210;81,7606079797341;2017;"Big Trout Lake";"LTG";"MON";1643960,27;10588,97426;"IFR"
"286";"RED110_2018_2030_rbr";1,858199898;"Moderate";199;100;2018;"Lake St. Joseph";"IDF";"FUL";1080085,256;7724,6968;"IFR"
"287";"KEN71_2018_2063_rbr";3,752423766;"High";195;95,9743618576408;2018;"Lake Wabigoon";"LTG";"FUL";105735123;154341,0699;"IFR"
"288";"NIP10_2018_2066_rbr";1,878315875;"High";164;95,4478707782673;2018;"Big Trout Lake";"LTG";"FUL";695431,6321;6265,501537;"IFR"
"289";"NIP99_2017_2094_rbr";1,192276374;"Extreme";219;64,6975520938701;2017;"Lake Nipigon";"LTG";"FUL";5431692,267;11114,87308;"IFR"
"290";"SLK117_2018_2117_rbr";2,792299611;"Moderate";193;99,3524888709025;2018;"Lake Nipigon";"LTG";"FUL";5143303,581;25330,46059;"IFR"
"291";"SLK162_2018_2133_rbr";1,489807128;"Low";249;89,0027322404372;2018;"Lake St. Joseph";"LTG";"MON";1519892,261;7346,76995;"IFR"
"292";"SLK113_2018_2135_rbr";1,462315223;"High";222;99,9400479616307;2018;"Lake Wabigoon";"LTG";"MON";1790856,298;7827,649335;"IFR"
"293";"KEN77_2018_2140_rbr";1,424585285;"Extreme";195;99,4745484400657;2018;"Lake Wabigoon";"LTG";"FUL";3196921,323;10188,59782;"IFR"
"294";"RED70_2018_2149_rbr";6,104038744;"High";194;84,3246438719274;2018;"Lake St. Joseph";"LTG";"MON";56139007,21;182940,4053;"IFR"
"295";"RED60_2018_2150_rbr";1,364015425;"High";179;96,9875091844233;2018;"Lake St. Joseph";"LTG";"FUL";1388100,154;6428,204348;"IFR"
"296";"RED115_2018_2156_rbr";1,773101194;"Extreme";196;45,2928870292887;2018;"Lake St. Joseph";"LTG";"FUL";956695,2094;6937,13767;"IFR"
"297";"THU4_2020_2161_rbr";5,983712164;"Moderate";134;86,8504772004241;2020;"Lake Nipigon";"MIS";"FUL";1103050,559;25137,86533;"IFR"
"298";"FOR2_2019_2166_rbr";2,716939537;"High";131;66,6666666666666;2019;"Lake Wabigoon";"REC";"FUL";463702,363;7400,475403;"IFR"
"299";"RED45_2019_2169_rbr";4,533095394;"Extreme";181;95,5716108478874;2019;"Lake Wabigoon";"LTG";"MON";401950227,5;363530,6133;"IFR"
"300";"RED38_2019_2171_rbr";2,149351653;"Extreme";181;98,0053191489362;2019;"Lake St. Joseph";"LTG";"FUL";12129642,13;29942,73461;"IFR"
"301";"RED39_2019_2172_rbr";4,420564129;"Extreme";181;93,7226267092904;2019;"Lake St. Joseph";"LTG";"FUL";463592378,2;380720,1213;"IFR"
"302";"RED14_2019_2176_rbr";2,682818979;"High";149;98,3936705825941;2019;"Lake St. Joseph";"RES";"FUL";38014054,46;66164,25969;"IFR"
"303";"RED40_2019_2177_rbr";5,593991403;"Extreme";176;91,6418366308073;2019;"Lake St. Joseph";"LTG";"FUL";311244433,8;394759,4931;"IFR"
"304";"RED17_2019_2178_rbr";3,812378931;"High";157;91,1786952410967;2019;"Lake St. Joseph";"IDF";"FUL";67519848,66;125305,9756;"IFR"
"305";"RED37_2019_2185_rbr";2,015862456;"Extreme";181;83,3333333333334;2019;"Lake St. Joseph";"LTG";"FUL";385462,0646;5006,240502;"IFR"
"306";"SLK22_2019_2187_rbr";1,493958063;"Moderate";184;95,807453416149;2019;"Lake Nipigon";"LTG";"FUL";676801,6569;4916,195043;"IFR"
"307";"RED75_2019_2192_rbr";2,353737035;"Moderate";235;100;2019;"Lake Wabigoon";"IDF";"FUL";442776,18;6264,841051;"IFR"
"308";"RED12_2020_2194_rbr";1,667027958;"Low";169;99,731182795699;2020;"Lake St. Joseph";"LTG";"FUL";391647,3392;4173,01999;"IFR"
"309";"RED8_2020_2198_rbr";1,312973955;"High";168;96,9162995594714;2020;"Lake St. Joseph";"LTG";"FUL";688869,4655;4358,976923;"IFR"
"310";"NIP45_2020_2208_rbr";4,032638412;"High";222;90,8505392912172;2020;"Big Trout Lake";"LTG";"FUL";67772371,08;132793,1319;"IFR"
"311";"RED49_2020_2210_rbr";2,234049775;"Extreme";223;96,3711963711964;2020;"Lake Wabigoon";"IDO";"FUL";5496133,424;20949,87664;"IFR"
